name,type,status,operator,country,lat,lon,notes
Lynas Malaysia Advanced Materials Plant (Gebeng),processing,operating,Lynas Rare Earths,Malaysia,3.973,103.383,Cracking and separation of Mount Weld concentrate. Approximate location.
Lynas Kalgoorlie Rare Earths Processing Facility,processing,operating,Lynas Rare Earths,Australia,-30.78,121.50,Cracking and leaching plant feeding Malaysia. Approximate location.
Lynas Seadrift (Texas) heavy rare earths plant,processing,planned,Lynas Rare Earths,United States,28.41,-96.71,Proposed separation plant; status uncertain. Approximate location.
MP Materials Mountain Pass,processing,operating,MP Materials,United States,35.48,-115.53,Mine with concentration and separation on site.
MP Materials Independence magnet factory,magnet,operating,MP Materials,United States,32.98,-97.31,Metal and magnet production near Fort Worth. Approximate location.
Solvay La Rochelle,processing,operating,Solvay,France,46.155,-1.18,Rare earth separation and purification plant. Approximate location.
NPM Silmet (Sillamae),processing,operating,Neo Performance Materials,Estonia,59.41,27.73,Rare earth separation beside Sillamae port. Approximate location.
Neo Narva magnet plant,magnet,operating,Neo Performance Materials,Estonia,59.38,28.18,Sintered NdFeB magnet plant. Approximate location.
Energy Fuels White Mesa Mill,processing,operating,Energy Fuels,United States,37.56,-109.49,Monazite processing and rare earth separation. Approximate location.
Iluka Eneabba refinery,processing,under construction,Iluka Resources,Australia,-29.82,115.27,Integrated rare earth refinery. Approximate location.
Arafura Nolans project,processing,planned,Arafura Rare Earths,Australia,-22.58,133.25,Mine with on-site processing. Approximate location.
Saskatchewan Research Council Rare Earth Processing Facility,processing,operating,Saskatchewan Research Council,Canada,52.13,-106.63,Separation and metal production in Saskatoon. Approximate location.
Ucore Louisiana Strategic Metals Complex,processing,under construction,Ucore Rare Metals,United States,31.33,-92.55,Separation plant near Alexandria. Approximate location.
Baotou rare earth processing hub,processing,operating,China Northern Rare Earth and others,China,40.66,109.84,Largest processing cluster; fed by Bayan Obo. City-level location.
Ganzhou rare earth processing hub,processing,operating,China Rare Earth Group and others,China,25.83,114.93,Processing cluster for southern ionic-clay ores. City-level location.
IREL Odisha Sands Complex (Chatrapur),processing,operating,IREL (India) Ltd,India,19.36,84.99,Mineral sands and rare earth separation near Gopalpur. Approximate location.
IREL Rare Earths Division (Aluva),processing,operating,IREL (India) Ltd,India,10.07,76.30,Rare earth chemical processing near Kochi. Approximate location.
IREL Chavara,processing,operating,IREL (India) Ltd,India,8.99,76.53,Beach mineral sands complex. Approximate location.
IREL Manavalakurichi,processing,operating,IREL (India) Ltd,India,8.15,77.30,Beach mineral sands complex. Approximate location.
Shin-Etsu Takefu plant,magnet,operating,Shin-Etsu Chemical,Japan,35.90,136.17,Rare earth separation and magnet production. Approximate location.
PAMCO Hachinohe smelter,processing,announced,Pacific Metals (PAMCO),Japan,40.52,141.53,Nickel smelter studied for processing deep-sea polymetallic nodules. Approximate location.
REEtec Heroya,processing,under construction,REEtec,Norway,59.115,9.635,Rare earth separation plant at Porsgrunn. Approximate location.
Carester Caremag (Lacq),processing,under construction,Carester,France,43.41,-0.63,Recycling and separation plant. Approximate location.
Less Common Metals (Ellesmere Port),magnet,operating,Less Common Metals,United Kingdom,53.28,-2.90,Rare earth metals and alloys. Approximate location.
eVAC Magnetics (Sumter),magnet,operating,VAC,United States,33.92,-80.34,Magnet plant. Approximate location.
Noveon Magnetics (San Marcos),magnet,operating,Noveon Magnetics,United States,29.88,-97.94,Magnet production and recycling. Approximate location.
USA Rare Earth (Stillwater),magnet,under construction,USA Rare Earth,United States,36.12,-97.06,Magnet plant. Approximate location.
Solikamsk Magnesium Works,processing,operating,Solikamsk Magnesium Works,Russia,59.65,56.77,Processes loparite concentrate. Approximate location.
Mount Weld mine,mine,operating,Lynas Rare Earths,Australia,-28.86,122.55,Mine and concentrator. Approximate location.
Bayan Obo mine,mine,operating,Baotou Steel / China Northern Rare Earth,China,41.78,109.97,World's largest rare earth mine. Approximate location.
Serra Verde (Minacu),mine,operating,Serra Verde,Brazil,-13.53,-48.22,Ionic clay mine producing concentrate. Approximate location.
Kachin State ionic clay mining area,mine,operating,various,Myanmar,25.90,98.30,Mining region; ore mostly trucked to China. Region-level location.
Kvanefjeld deposit,mine,halted,Energy Transition Minerals,Greenland,60.97,-45.98,Deposit near Narsaq; project blocked by uranium rules. Approximate location.
Tanbreez deposit,mine,planned,Critical Metals,Greenland,60.82,-45.75,Coastal deposit in south Greenland. Approximate location.
Phalaborwa rare earths project,processing,planned,Rainbow Rare Earths,South Africa,-23.95,31.12,Recovery from phosphogypsum stacks. Approximate location.
Kuantan Port,logistics port,operating,,Malaysia,3.97,103.43,Receives Australian concentrate for the Lynas Gebeng plant.
Fremantle,logistics port,operating,,Australia,-32.05,115.75,Export port for Lynas concentrate from Western Australia.
Port of Long Beach / Los Angeles,logistics port,operating,,United States,33.75,-118.22,Route used for Mountain Pass concentrate exports.
Tianjin Xingang,logistics port,operating,,China,38.97,117.83,Main sea outlet for the Baotou processing hub.
La Pallice (La Rochelle),logistics port,operating,,France,46.16,-1.22,Port serving the Solvay La Rochelle plant.
Sillamae,logistics port,operating,,Estonia,59.43,27.74,Port beside the NPM Silmet plant.
Darwin,logistics port,planned,,Australia,-12.47,130.85,Planned export route for the Nolans project.
Geraldton,logistics port,operating,,Australia,-28.78,114.60,Port for the Eneabba mineral sands region.
Clarion-Clipperton Zone,seabed area,exploration,ISA contractors,International waters,12.0,-130.0,Polymetallic nodule field; point marks the approximate centre.
Minamitorishima rare-earth mud,seabed area,exploration,JOGMEC / Japan,Japan,24.3,154.0,Rare-earth-rich seabed mud in Japan's EEZ; approximate centre.
Central Indian Ocean Basin nodules,seabed area,exploration,India (ISA contract),International waters,-13.0,76.0,Polymetallic nodule field; approximate centre.
Penrhyn Basin nodules (Cook Islands),seabed area,exploration,Cook Islands licence holders,Cook Islands,-13.0,-159.0,Cobalt-rich nodules in the Cook Islands EEZ; approximate centre.
Peru Basin nodules,seabed area,exploration,research,International waters,-7.0,-88.5,Polymetallic nodule field; approximate centre.
TAG hydrothermal field (Mid-Atlantic Ridge),seabed area,exploration,research,International waters,26.14,-44.83,Seafloor massive sulphides.
Prime Crust Zone (Magellan Seamounts),seabed area,exploration,ISA contractors,International waters,16.0,157.0,Cobalt-rich ferromanganese crusts; approximate centre.
