timestamp,lat,lon,vessel_id,ship_name,speed_knots,course_deg
2026-06-01T03:59:59.758347Z,21.228959,-149.071889,SYN001,Pacific Trader,13.35,75.9
2026-06-11T12:03:53.339263Z,-21.979699,-19.83233,SYN006,Cable Mapper,4.07,65.7
2026-06-15T09:57:25.694316Z,-13.499571,78.080676,SYN008,Mineral Quest,4.23,88.0
2026-06-09T10:57:11.486076Z,35.470095,-62.016802,SYN005,Research Dawn,1.41,111.6
2026-06-07T13:25:41.801032Z,11.159735,-126.710777,SYN004,Nodule Explorer,3.9,41.9
2026-06-09T12:09:30.353661Z,35.46822,-61.975913,SYN005,Research Dawn,2.86,80.0
2026-06-09T13:49:59.691171Z,35.498176,-61.940956,SYN005,Research Dawn,1.64,17.1
2026-06-03T09:59:29.613435Z,12.435503,-130.351612,SYN002,Abyss Surveyor,4.74,312.6
2026-06-09T05:20:03.982503Z,35.532846,-61.972982,SYN005,Research Dawn,0.88,330.0
2026-06-13T10:55:06.045751Z,8.171408,145.740505,SYN007,Bulk Horizon,11.38,97.2
2026-06-15T14:13:40.511671Z,-13.477705,78.055951,SYN008,Mineral Quest,4.42,100.6
2026-06-07T09:35:27.426393Z,11.129517,-126.672319,SYN004,Nodule Explorer,4.04,89.2
2026-06-17T14:32:35.383126Z,4.539727,-110.013888,SYN009,Pelagic Wanderer,2.4,314.1
2026-06-07T06:44:20.141312Z,11.114592,-126.588348,SYN004,Nodule Explorer,3.58,316.2
2026-06-09T20:53:57.758996Z,35.452516,-62.011624,SYN005,Research Dawn,1.97,109.6
2026-06-01T01:16:52.232132Z,21.064347,-149.70356,SYN001,Pacific Trader,12.4,77.5
2026-06-07T06:39:57.840837Z,11.111562,-126.585157,SYN004,Nodule Explorer,3.56,346.4
2026-06-09T10:16:44.622522Z,35.475166,-62.030599,SYN005,Research Dawn,1.85,123.8
2026-06-17T12:52:49.617405Z,4.536075,-109.967114,SYN009,Pelagic Wanderer,2.42,22.2
2026-06-09T05:55:57.684609Z,35.544422,-61.992321,SYN005,Research Dawn,1.88,293.9
2026-06-15T09:17:08.187721Z,-13.499725,78.036341,SYN008,Mineral Quest,4.31,89.1
2026-06-07T12:48:08.140548Z,11.144179,-126.688757,SYN004,Nodule Explorer,3.77,271.1
2026-06-15T09:35:12.102658Z,-13.499139,78.054723,SYN008,Mineral Quest,3.58,84.7
2026-06-11T14:10:12.117564Z,-21.966351,-20.005625,SYN006,Cable Mapper,4.77,338.8
2026-06-13T09:48:29.345230Z,8.139533,145.564434,SYN007,Bulk Horizon,10.63,122.2
2026-06-09T05:26:14.905886Z,35.535621,-61.975998,SYN005,Research Dawn,1.96,319.9
2026-06-05T03:45:34.824519Z,28.203642,-44.691253,SYN003,Atlantic Carrier,10.11,68.3
2026-06-15T17:33:17.973824Z,-13.467251,78.000529,SYN008,Mineral Quest,3.98,269.4
2026-06-11T14:04:12.117564Z,-21.971251,-19.999963,SYN006,Cable Mapper,5.37,268.5
2026-06-15T08:19:09.310630Z,-13.503906,77.969581,SYN008,Mineral Quest,4.0,81.8
2026-06-05T05:24:09.563010Z,28.235967,-44.329056,SYN003,Atlantic Carrier,10.99,96.3
2026-06-15T16:04:42.377760Z,-13.466873,78.101242,SYN008,Mineral Quest,3.68,268.7
2026-06-11T06:36:36.139650Z,-21.99975,-19.951419,SYN006,Cable Mapper,4.74,90.3
2026-06-01T06:47:50.855552Z,21.393273,-148.415461,SYN001,Pacific Trader,12.94,72.9
2026-06-03T14:17:27.399226Z,12.448574,-130.355085,SYN002,Abyss Surveyor,4.2,90.9
2026-06-05T03:09:37.650844Z,28.152808,-44.808077,SYN003,Atlantic Carrier,11.99,54.9
2026-06-03T09:00:16.557417Z,12.423875,-130.409355,SYN002,Abyss Surveyor,4.42,92.1
2026-06-01T03:47:51.313277Z,21.216848,-149.116864,SYN001,Pacific Trader,13.12,69.6
2026-06-09T09:19:58.737332Z,35.493285,-62.051331,SYN005,Research Dawn,2.55,162.4
2026-06-11T08:38:06.475455Z,-21.990522,-19.88321,SYN006,Cable Mapper,5.13,270.8
2026-06-09T17:55:17.991410Z,35.520948,-62.031543,SYN005,Research Dawn,1.74,215.1
2026-06-05T06:40:08.367368Z,28.149591,-44.066733,SYN003,Atlantic Carrier,11.78,124.9
2026-06-05T03:04:03.063374Z,28.142321,-44.825853,SYN003,Atlantic Carrier,12.39,57.8
2026-06-13T12:02:25.429650Z,8.228241,145.905214,SYN007,Bulk Horizon,10.32,87.1
2026-06-09T18:37:39.426358Z,35.501787,-62.04164,SYN005,Research Dawn,2.39,200.4
2026-06-07T06:27:40.107464Z,11.10037,-126.588167,SYN004,Nodule Explorer,3.95,81.7
2026-06-15T22:22:45.977162Z,-13.435497,77.990513,SYN008,Mineral Quest,2.2,79.1
2026-06-17T21:31:53.074109Z,4.677761,-109.952246,SYN009,Pelagic Wanderer,3.56,171.1
2026-06-09T17:06:53.989552Z,35.534852,-62.01592,SYN005,Research Dawn,0.89,237.5
2026-06-19T11:16:44.324900Z,-4.986925,160.326789,SYN010,Supply Runner,8.33,87.6
2026-06-19T10:15:48.258717Z,-4.992933,160.182843,SYN010,Supply Runner,8.89,88.5
2026-06-03T12:33:31.210570Z,12.448661,-130.482093,SYN002,Abyss Surveyor,4.42,88.5
2026-06-11T16:40:17.095060Z,-21.953362,-19.791372,SYN006,Cable Mapper,4.44,79.0
2026-06-13T11:42:53.366815Z,8.207409,145.854832,SYN007,Bulk Horizon,10.38,46.3
2026-06-03T08:00:48.172819Z,12.424028,-130.481863,SYN002,Abyss Surveyor,4.16,87.8
2026-06-03T03:18:02.126506Z,12.399858,-130.499971,SYN002,Abyss Surveyor,4.16,85.5
2026-06-03T07:35:34.764926Z,12.414952,-130.505335,SYN002,Abyss Surveyor,4.8,314.8
2026-06-01T07:17:14.153535Z,21.420335,-148.302222,SYN001,Pacific Trader,13.14,76.0
2026-06-05T04:54:39.120615Z,28.244375,-44.436591,SYN003,Atlantic Carrier,11.63,86.0
2026-06-11T17:36:47.990345Z,-21.938113,-19.705351,SYN006,Cable Mapper,4.63,82.9
2026-06-09T10:03:08.872536Z,35.4791,-62.037266,SYN005,Research Dawn,1.67,132.3
2026-06-15T10:52:52.050157Z,-13.492823,78.140733,SYN008,Mineral Quest,4.36,27.2
2026-06-09T16:42:51.797449Z,35.538645,-62.008516,SYN005,Research Dawn,1.71,246.8
2026-06-01T00:58:59.340947Z,21.047934,-149.771546,SYN001,Pacific Trader,13.52,74.0
2026-06-11T12:01:53.339263Z,-21.980524,-19.834575,SYN006,Cable Mapper,5.26,90.8
2026-06-11T05:10:02.597648Z,-22.013906,-20.074813,SYN006,Cable Mapper,5.11,79.5
2026-06-15T09:08:03.627877Z,-13.499714,78.025465,SYN008,Mineral Quest,4.14,99.6
2026-06-11T10:04:39.512881Z,-21.983044,-20.004442,SYN006,Cable Mapper,4.04,10.0
2026-06-07T08:46:01.364724Z,11.118572,-126.714197,SYN004,Nodule Explorer,3.23,313.6
2026-06-07T08:38:19.753845Z,11.115059,-126.707852,SYN004,Nodule Explorer,4.27,270.8
2026-06-15T16:22:13.182485Z,-13.468203,78.083133,SYN008,Mineral Quest,3.6,257.3
2026-06-03T16:23:49.427347Z,12.46083,-130.491074,SYN002,Abyss Surveyor,3.99,270.1
2026-06-07T15:18:01.027142Z,11.160238,-126.595177,SYN004,Nodule Explorer,3.71,69.5
2026-06-07T05:58:22.918324Z,11.099602,-126.619339,SYN004,Nodule Explorer,3.54,91.7
2026-06-13T09:52:58.790325Z,8.13288,145.576305,SYN007,Bulk Horizon,10.73,117.5
2026-06-01T02:21:26.958471Z,21.121012,-149.452609,SYN001,Pacific Trader,13.35,77.4
2026-06-15T07:39:15.631911Z,-13.510011,77.924633,SYN008,Mineral Quest,3.9,83.2
2026-06-11T17:26:46.777085Z,-21.94054,-19.719559,SYN006,Cable Mapper,5.37,79.7
2026-06-13T10:08:31.440990Z,8.151121,145.615866,SYN007,Bulk Horizon,10.07,65.5
2026-06-05T02:28:39.908787Z,28.07088,-44.927339,SYN003,Atlantic Carrier,11.86,46.0
2026-06-15T21:40:41.411550Z,-13.443826,78.018604,SYN008,Mineral Quest,4.39,266.4
2026-06-15T19:05:55.349865Z,-13.455717,78.065124,SYN008,Mineral Quest,4.22,75.8
2026-06-07T15:25:03.530977Z,11.166345,-126.591264,SYN004,Nodule Explorer,3.9,22.0
2026-06-01T04:17:11.941683Z,21.245137,-149.003872,SYN001,Pacific Trader,13.42,74.5
2026-06-19T14:09:38.630153Z,-5.003326,160.087722,SYN010,Supply Runner,8.67,272.8
2026-06-01T01:40:28.491375Z,21.085491,-149.612383,SYN001,Pacific Trader,12.96,77.8
2026-06-03T11:10:36.481749Z,12.436662,-130.436267,SYN002,Abyss Surveyor,3.85,270.6
2026-06-13T07:46:07.305370Z,8.11648,145.260389,SYN007,Bulk Horizon,10.21,46.2
2026-06-16T00:23:06.627094Z,-13.43441,78.127315,SYN008,Mineral Quest,3.63,89.3
2026-06-03T01:45:12.671824Z,12.388858,-130.613706,SYN002,Abyss Surveyor,3.84,83.4
2026-06-11T15:29:19.425665Z,-21.960766,-19.89293,SYN006,Cable Mapper,4.73,86.2
2026-06-19T11:43:23.191641Z,-4.984314,160.392146,SYN010,Supply Runner,9.22,88.0
2026-06-15T14:06:48.140812Z,-13.476393,78.047668,SYN008,Mineral Quest,3.82,82.1
2026-06-09T20:45:59.293140Z,35.454076,-62.016916,SYN005,Research Dawn,1.45,118.5
2026-06-05T06:28:44.632982Z,28.168421,-44.104549,SYN003,Atlantic Carrier,10.95,119.9
2026-06-11T17:17:28.501618Z,-21.94327,-19.733964,SYN006,Cable Mapper,5.33,77.1
2026-06-03T04:26:08.950542Z,12.399733,-130.41859,SYN002,Abyss Surveyor,4.09,88.6
2026-06-17T15:26:23.301216Z,4.528945,-110.038736,SYN009,Pelagic Wanderer,1.83,208.3
2026-06-07T04:10:41.079737Z,11.095093,-126.729285,SYN004,Nodule Explorer,3.36,80.5
2026-06-11T11:42:11.507167Z,-21.980702,-19.863779,SYN006,Cable Mapper,5.22,93.4
2026-06-11T15:15:57.054408Z,-21.960757,-19.912358,SYN006,Cable Mapper,5.13,88.6
2026-06-15T10:11:18.829955Z,-13.499511,78.097359,SYN008,Mineral Quest,3.98,91.7
2026-06-07T06:35:42.433565Z,11.10762,-126.584038,SYN004,Nodule Explorer,3.77,18.8
2026-06-11T13:51:26.165197Z,-21.971289,-19.980542,SYN006,Cable Mapper,4.91,267.4
2026-06-13T07:20:54.098117Z,8.065184,145.208511,SYN007,Bulk Horizon,9.97,89.0
2026-06-15T19:56:59.095042Z,-13.455323,78.121681,SYN008,Mineral Quest,3.47,116.4
2026-06-07T13:12:41.799463Z,11.148553,-126.713992,SYN004,Nodule Explorer,3.84,313.8
2026-06-13T11:00:39.468041Z,8.168689,145.755282,SYN007,Bulk Horizon,9.53,103.9
2026-06-03T11:18:30.068626Z,12.436367,-130.445642,SYN002,Abyss Surveyor,4.19,273.0
2026-06-13T10:50:27.747488Z,8.174041,145.725965,SYN007,Bulk Horizon,10.94,99.9
2026-06-09T11:20:31.779960Z,35.46798,-62.006411,SYN005,Research Dawn,1.72,100.7
2026-06-05T05:12:12.090434Z,28.241436,-44.371795,SYN003,Atlantic Carrier,11.64,92.6
2026-06-03T10:55:06.056724Z,12.436428,-130.41839,SYN002,Abyss Surveyor,4.35,266.5
2026-06-07T07:50:10.492662Z,11.115456,-126.654607,SYN004,Nodule Explorer,3.71,269.0
2026-06-09T11:49:16.169999Z,35.466707,-61.988059,SYN005,Research Dawn,2.18,89.5
2026-06-15T17:24:36.566874Z,-13.466911,78.00998,SYN008,Mineral Quest,3.89,268.0
2026-06-09T21:18:37.428031Z,35.450495,-62.001273,SYN005,Research Dawn,1.12,102.0
2026-06-07T10:38:01.339141Z,11.129853,-126.609591,SYN004,Nodule Explorer,3.58,89.0
2026-06-11T13:44:51.753935Z,-21.971229,-19.970779,SYN006,Cable Mapper,4.94,271.6
2026-06-03T05:31:06.461971Z,12.411242,-130.351812,SYN002,Abyss Surveyor,4.78,313.4
2026-06-03T14:27:56.205033Z,12.457783,-130.349513,SYN002,Abyss Surveyor,4.03,346.0
2026-06-10T00:00:51.524915Z,35.485782,-61.950598,SYN005,Research Dawn,1.56,8.2
2026-06-05T03:51:08.010481Z,28.209447,-44.670789,SYN003,Atlantic Carrier,12.54,72.4
2026-06-11T12:20:28.743167Z,-21.971344,-19.844183,SYN006,Cable Mapper,4.75,269.9
2026-06-09T17:43:59.106025Z,35.525686,-62.027195,SYN005,Research Dawn,1.06,220.0
2026-06-03T05:20:43.394429Z,12.400461,-130.351664,SYN002,Abyss Surveyor,4.01,80.4
2026-06-09T19:29:43.342957Z,35.482142,-62.042365,SYN005,Research Dawn,1.21,169.3
2026-06-03T07:43:27.582923Z,12.423167,-130.50304,SYN002,Abyss Surveyor,4.21,42.8
2026-06-09T15:28:03.127508Z,35.540609,-61.970492,SYN005,Research Dawn,2.28,290.8
2026-06-17T16:57:39.324250Z,4.546021,-110.037818,SYN009,Pelagic Wanderer,1.17,8.8
2026-06-13T11:17:40.453996Z,8.161114,145.799224,SYN007,Bulk Horizon,8.25,101.5
2026-06-13T06:55:49.573060Z,8.064986,145.136653,SYN007,Bulk Horizon,10.5,90.0
2026-06-11T05:52:06.660185Z,-22.00276,-20.01518,SYN006,Cable Mapper,5.01,76.9
2026-06-07T04:46:56.703432Z,11.100141,-126.691087,SYN004,Nodule Explorer,3.39,90.1
2026-06-07T03:39:59.880700Z,11.090363,-126.758039,SYN004,Nodule Explorer,4.21,81.7
2026-06-11T09:44:04.767947Z,-21.990077,-19.98061,SYN006,Cable Mapper,4.79,269.6
2026-06-11T08:57:13.738535Z,-21.990371,-19.912462,SYN006,Cable Mapper,5.01,271.3
2026-06-15T08:31:07.570830Z,-13.50167,77.984417,SYN008,Mineral Quest,4.51,80.8
2026-06-11T07:28:01.799411Z,-21.999382,-19.87381,SYN006,Cable Mapper,5.36,87.7
2026-06-19T13:52:14.105164Z,-5.001117,160.12726,SYN010,Supply Runner,9.08,266.2
2026-06-11T10:42:13.864966Z,-21.980671,-19.951348,SYN006,Cable Mapper,4.93,89.5
2026-06-03T04:41:22.173438Z,12.400004,-130.400332,SYN002,Abyss Surveyor,4.67,90.4
2026-06-09T13:05:59.215730Z,35.47968,-61.952775,SYN005,Research Dawn,2.2,46.5
2026-06-15T22:30:02.378486Z,-13.434273,77.999463,SYN008,Mineral Quest,4.37,83.8
2026-06-09T13:57:08.192923Z,35.502708,-61.940276,SYN005,Research Dawn,2.33,7.4
2026-06-17T16:22:39.276466Z,4.527535,-110.046627,SYN009,Pelagic Wanderer,3.31,24.3
2026-06-03T04:10:14.854076Z,12.399906,-130.436571,SYN002,Abyss Surveyor,4.05,89.7
2026-06-11T08:44:19.807565Z,-21.990375,-19.893109,SYN006,Cable Mapper,5.21,271.7
2026-06-17T10:09:29.711909Z,4.435012,-109.952708,SYN009,Pelagic Wanderer,3.35,344.2
2026-06-17T17:24:38.540273Z,4.564388,-110.030932,SYN009,Pelagic Wanderer,2.51,353.2
2026-06-09T23:46:45.490587Z,35.477886,-61.952213,SYN005,Research Dawn,0.76,18.4
2026-06-19T12:41:56.357382Z,-4.990583,160.299243,SYN010,Supply Runner,8.83,267.4
2026-06-11T10:22:29.484243Z,-21.980484,-19.980547,SYN006,Cable Mapper,4.46,88.8
2026-06-09T11:27:26.294017Z,35.467357,-62.002983,SYN005,Research Dawn,1.55,102.5
2026-06-03T20:26:28.466729Z,12.497529,-130.2356,SYN002,Abyss Surveyor,4.35,74.9
2026-06-01T04:57:17.033354Z,21.283625,-148.844878,SYN001,Pacific Trader,13.66,72.9
2026-06-09T13:32:01.150575Z,35.489947,-61.944385,SYN005,Research Dawn,1.02,26.7
2026-06-11T11:15:31.991391Z,-21.980434,-19.902851,SYN006,Cable Mapper,5.07,91.3
2026-06-11T06:02:49.009951Z,-22.00001,-20.000054,SYN006,Cable Mapper,4.57,80.9
2026-06-15T21:02:38.688466Z,-13.443756,78.064042,SYN008,Mineral Quest,4.04,285.2
2026-06-07T09:43:45.617667Z,11.129714,-126.663317,SYN004,Nodule Explorer,3.9,86.8
2026-06-07T17:18:32.592860Z,11.174621,-126.706425,SYN004,Nodule Explorer,4.01,270.9
2026-06-03T04:02:20.233926Z,12.399937,-130.445536,SYN002,Abyss Surveyor,3.96,91.8
2026-06-09T16:15:07.859388Z,35.542236,-61.995179,SYN005,Research Dawn,1.4,264.9
2026-06-05T07:03:24.976235Z,28.104711,-43.996664,SYN003,Atlantic Carrier,12.4,129.4
2026-06-07T04:37:22.104807Z,11.100013,-126.700054,SYN004,Nodule Explorer,3.84,78.9
2026-06-10T02:59:59.542670Z,35.536821,-62.024476,SYN005,Research Dawn,1.81,263.9
2026-06-13T07:26:00.469707Z,8.075347,145.218882,SYN007,Bulk Horizon,10.32,45.0
2026-06-15T22:11:52.222872Z,-13.439478,77.986451,SYN008,Mineral Quest,3.81,333.1
2026-06-17T14:55:45.423000Z,4.541592,-110.025216,SYN009,Pelagic Wanderer,5.52,196.0
2026-06-15T15:38:59.876283Z,-13.46835,78.130374,SYN008,Mineral Quest,2.54,306.3
2026-06-15T12:39:06.464601Z,-13.485177,78.028114,SYN008,Mineral Quest,4.15,275.9
2026-06-15T10:45:30.280585Z,-13.49895,78.135152,SYN008,Mineral Quest,3.7,90.3
2026-06-05T06:05:28.471135Z,28.201176,-44.182698,SYN003,Atlantic Carrier,10.75,111.2
2026-06-17T17:21:38.540273Z,4.562303,-110.03075,SYN009,Pelagic Wanderer,2.5,16.9
2026-06-11T08:18:53.053100Z,-21.990684,-19.85405,SYN006,Cable Mapper,4.64,269.5
2026-06-05T04:25:17.804401Z,28.236966,-44.544663,SYN003,Atlantic Carrier,11.68,79.5
2026-06-01T04:51:36.703436Z,21.277978,-148.867439,SYN001,Pacific Trader,14.21,74.3
2026-06-19T11:27:08.289693Z,-4.985944,160.352843,SYN010,Supply Runner,8.72,87.1
2026-06-03T17:38:36.176578Z,12.472766,-130.436743,SYN002,Abyss Surveyor,4.7,89.8
2026-06-11T14:35:58.064903Z,-21.961131,-19.970833,SYN006,Cable Mapper,5.04,88.6
2026-06-15T12:08:17.686417Z,-13.48589,78.063524,SYN008,Mineral Quest,3.95,265.2
2026-06-17T20:28:02.244192Z,4.663073,-109.975982,SYN009,Pelagic Wanderer,2.82,37.3
2026-06-15T21:49:13.194454Z,-13.443553,78.008484,SYN008,Mineral Quest,4.25,272.9
2026-06-09T05:40:56.726738Z,35.54065,-61.983395,SYN005,Research Dawn,2.15,302.4
2026-06-19T13:47:00.904347Z,-5.000094,160.140529,SYN010,Supply Runner,8.88,265.8
2026-06-09T16:04:22.182446Z,35.542608,-61.990403,SYN005,Research Dawn,2.05,263.6
2026-06-19T11:05:33.495458Z,-4.988107,160.300731,SYN010,Supply Runner,9.24,85.9
2026-06-15T09:25:27.068616Z,-13.500469,78.045098,SYN008,Mineral Quest,3.75,97.1
2026-06-15T16:53:45.655570Z,-13.466818,78.046676,SYN008,Mineral Quest,4.43,269.0
2026-06-11T13:38:19.114399Z,-21.971205,-19.961094,SYN006,Cable Mapper,5.07,270.6
2026-06-09T22:23:23.557445Z,35.457116,-61.970231,SYN005,Research Dawn,1.62,57.3
2026-06-09T04:51:55.877828Z,35.523817,-61.966035,SYN005,Research Dawn,2.8,333.4
2026-06-13T10:03:23.507691Z,8.144887,145.60287,SYN007,Bulk Horizon,9.58,68.6
2026-06-10T03:38:07.011227Z,35.527622,-62.046462,SYN005,Research Dawn,1.65,233.8
2026-06-05T04:08:15.555083Z,28.225894,-44.6085,SYN003,Atlantic Carrier,13.34,74.2
2026-06-01T01:22:52.208377Z,21.069905,-149.680603,SYN001,Pacific Trader,13.34,75.0
2026-06-13T07:15:43.808805Z,8.065137,145.194163,SYN007,Bulk Horizon,9.78,88.9
2026-06-03T01:00:00.000000Z,12.383415,-130.670633,SYN002,Abyss Surveyor,4.25,
2026-06-17T10:04:01.253806Z,4.429912,-109.951568,SYN009,Pelagic Wanderer,2.89,14.9
2026-06-17T17:05:10.989291Z,4.552721,-110.034244,SYN009,Pelagic Wanderer,3.54,27.4
2026-06-13T10:29:09.225631Z,8.175506,145.668827,SYN007,Bulk Horizon,10.62,65.6
2026-06-09T19:02:32.279834Z,35.492527,-62.043094,SYN005,Research Dawn,1.54,187.8
2026-06-13T08:21:52.191246Z,8.160743,145.338915,SYN007,Bulk Horizon,9.72,102.5
2026-06-11T06:14:55.928452Z,-21.999964,-19.98068,SYN006,Cable Mapper,5.04,91.7
2026-06-15T13:25:25.405953Z,-13.477694,78.002318,SYN008,Mineral Quest,2.14,78.5
2026-06-07T16:36:51.872187Z,11.174257,-126.661703,SYN004,Nodule Explorer,3.24,270.6
2026-06-03T11:56:31.116648Z,12.436423,-130.491005,SYN002,Abyss Surveyor,4.23,272.5
2026-06-15T23:10:09.095593Z,-13.434458,78.045306,SYN008,Mineral Quest,3.92,85.7
2026-06-15T20:10:13.090730Z,-13.448071,78.124141,SYN008,Mineral Quest,2.0,324.9
2026-06-13T11:05:45.024169Z,8.166265,145.769919,SYN007,Bulk Horizon,10.26,99.0
2026-06-05T04:43:11.549987Z,28.242861,-44.480046,SYN003,Atlantic Carrier,11.54,84.9
2026-06-13T09:19:19.205533Z,8.180294,145.493398,SYN007,Bulk Horizon,10.98,116.5
2026-06-03T11:41:05.195256Z,12.436416,-130.47265,SYN002,Abyss Surveyor,4.29,270.0
2026-06-09T12:20:10.027705Z,35.469492,-61.971852,SYN005,Research Dawn,1.34,67.7
2026-06-03T16:01:27.357011Z,12.460964,-130.463857,SYN002,Abyss Surveyor,4.69,272.5
2026-06-11T07:21:46.589296Z,-21.999525,-19.883345,SYN006,Cable Mapper,5.41,90.6
2026-06-01T00:23:38.495442Z,21.018537,-149.90828,SYN001,Pacific Trader,13.08,79.7
2026-06-15T19:29:18.057901Z,-13.45594,78.091979,SYN008,Mineral Quest,4.11,85.3
2026-06-07T08:49:44.316855Z,11.122172,-126.715207,SYN004,Nodule Explorer,3.63,344.0
2026-06-10T01:02:04.426742Z,35.51253,-61.960191,SYN005,Research Dawn,2.73,323.3
2026-06-11T16:19:02.565426Z,-21.958129,-19.820185,SYN006,Cable Mapper,4.83,78.6
2026-06-13T09:57:59.337052Z,8.139005,145.589609,SYN007,Bulk Horizon,10.59,67.5
2026-06-07T17:27:44.318730Z,11.174487,-126.715691,SYN004,Nodule Explorer,3.43,267.5
2026-06-13T09:29:03.442006Z,8.16675,145.517164,SYN007,Bulk Horizon,10.34,118.3
2026-06-13T08:45:13.183680Z,8.159177,145.404657,SYN007,Bulk Horizon,10.23,69.4
2026-06-03T03:47:51.836202Z,12.399849,-130.463872,SYN002,Abyss Surveyor,4.19,92.9
2026-06-15T21:25:36.581120Z,-13.443459,78.035987,SYN008,Mineral Quest,4.11,269.8
2026-06-15T22:46:39.741796Z,-13.435484,78.017533,SYN008,Mineral Quest,3.6,92.9
2026-06-03T06:53:29.749976Z,12.411959,-130.454623,SYN002,Abyss Surveyor,4.26,267.5
2026-06-07T13:04:16.015460Z,11.144437,-126.706361,SYN004,Nodule Explorer,3.73,267.1
2026-06-13T11:52:55.457615Z,8.22586,145.877199,SYN007,Bulk Horizon,10.65,51.6
2026-06-13T08:40:34.467031Z,8.154639,145.392011,SYN007,Bulk Horizon,10.67,68.3
2026-06-03T08:45:39.557392Z,12.423835,-130.427425,SYN002,Abyss Surveyor,3.94,86.7
2026-06-07T08:14:48.875046Z,11.115021,-126.681327,SYN004,Nodule Explorer,3.88,263.9
2026-06-11T16:59:09.285285Z,-21.948191,-19.763047,SYN006,Cable Mapper,5.12,78.4
2026-06-15T11:38:36.893226Z,-13.486945,78.098233,SYN008,Mineral Quest,3.68,266.0
2026-06-07T15:06:04.989825Z,11.159284,-126.608063,SYN004,Nodule Explorer,3.52,94.9
2026-06-03T16:31:23.970639Z,12.460765,-130.499911,SYN002,Abyss Surveyor,4.04,272.7
2026-06-05T05:30:09.477314Z,28.233276,-44.307632,SYN003,Atlantic Carrier,11.36,99.0
2026-06-13T10:45:31.852336Z,8.176346,145.71108,SYN007,Bulk Horizon,10.69,103.2
2026-06-17T21:15:41.377486Z,4.695039,-109.952772,SYN009,Pelagic Wanderer,4.06,41.2
2026-06-03T07:38:17.286169Z,12.418006,-130.506206,SYN002,Abyss Surveyor,4.3,342.9
2026-06-11T05:20:32.221580Z,-22.011057,-20.060002,SYN006,Cable Mapper,4.86,75.5
2026-06-17T20:18:53.423053Z,4.657963,-109.979799,SYN009,Pelagic Wanderer,3.07,52.8
2026-06-15T07:12:56.601967Z,-13.514161,77.894596,SYN008,Mineral Quest,4.11,81.1
2026-06-01T02:09:14.774985Z,21.11075,-149.498429,SYN001,Pacific Trader,13.62,77.2
2026-06-07T13:57:28.334880Z,11.160563,-126.679605,SYN004,Nodule Explorer,3.39,89.0
2026-06-11T14:29:26.334837Z,-21.960945,-19.980579,SYN006,Cable Mapper,5.2,89.1
2026-06-05T04:48:39.553390Z,28.243555,-44.458525,SYN003,Atlantic Carrier,12.62,87.2
2026-06-19T12:47:17.291551Z,-4.991382,160.285997,SYN010,Supply Runner,9.02,265.3
2026-06-15T18:48:12.865543Z,-13.456891,78.045944,SYN008,Mineral Quest,4.04,94.7
2026-06-09T05:04:23.853732Z,35.529634,-61.970304,SYN005,Research Dawn,2.12,325.6
2026-06-11T14:56:23.738860Z,-21.960881,-19.941817,SYN006,Cable Mapper,4.54,90.8
2026-06-03T16:34:14.995250Z,12.4616,-130.503018,SYN002,Abyss Surveyor,3.95,282.2
2026-06-09T06:58:18.554008Z,35.544026,-62.028385,SYN005,Research Dawn,2.25,245.7
2026-06-11T08:31:51.552791Z,-21.990578,-19.873583,SYN006,Cable Mapper,5.01,270.5
2026-06-15T23:33:24.911260Z,-13.43449,78.072141,SYN008,Mineral Quest,4.2,89.4
2026-06-03T06:24:52.785134Z,12.412117,-130.418433,SYN002,Abyss Surveyor,4.43,268.9
2026-06-10T00:57:56.367926Z,35.510158,-61.958028,SYN005,Research Dawn,1.37,333.0
2026-06-09T10:49:36.640073Z,35.471002,-62.020108,SYN005,Research Dawn,0.84,112.5
2026-06-07T15:29:05.002516Z,11.170344,-126.592376,SYN004,Nodule Explorer,3.7,344.8
2026-06-09T22:43:23.557445Z,35.459763,-61.965942,SYN005,Research Dawn,0.9,53.8
2026-06-03T10:17:32.372419Z,12.436468,-130.373162,SYN002,Abyss Surveyor,4.51,271.8
2026-06-03T18:24:21.040520Z,12.472671,-130.382241,SYN002,Abyss Surveyor,4.28,90.9
2026-06-09T21:50:01.886425Z,35.451682,-61.984822,SYN005,Research Dawn,0.85,74.7
2026-06-11T14:16:12.117564Z,-21.961198,-19.999971,SYN006,Cable Mapper,4.65,77.4
2026-06-03T10:02:41.958258Z,12.436428,-130.355005,SYN002,Abyss Surveyor,3.89,286.0
2026-06-15T22:17:37.024165Z,-13.436057,77.987665,SYN008,Mineral Quest,1.18,335.5
2026-06-16T01:29:43.388011Z,-13.416554,78.200595,SYN008,Mineral Quest,4.18,77.1
2026-06-03T10:40:39.577273Z,12.436385,-130.400357,SYN002,Abyss Surveyor,4.22,271.8
2026-06-17T17:59:10.751576Z,4.593365,-110.028871,SYN009,Pelagic Wanderer,2.71,322.4
2026-06-03T19:50:15.095291Z,12.488135,-130.280365,SYN002,Abyss Surveyor,4.16,79.8
2026-06-10T01:21:01.644745Z,35.519841,-61.967393,SYN005,Research Dawn,1.74,320.7
2026-06-17T19:47:24.580200Z,4.641977,-109.994019,SYN009,Pelagic Wanderer,4.47,25.1
2026-06-03T03:54:31.147449Z,12.399815,-130.454505,SYN002,Abyss Surveyor,4.96,89.4
2026-06-19T09:05:45.454381Z,-4.999537,160.013084,SYN010,Supply Runner,8.31,91.9
2026-06-15T16:46:06.011452Z,-13.466778,78.056288,SYN008,Mineral Quest,3.61,272.4
2026-06-19T14:15:29.959721Z,-5.004286,160.074418,SYN010,Supply Runner,8.29,263.8
2026-06-07T13:30:17.149550Z,11.160977,-126.706335,SYN004,Nodule Explorer,3.39,75.2
2026-06-09T17:48:57.896918Z,35.523195,-62.029488,SYN005,Research Dawn,2.32,219.2
2026-06-03T12:03:03.181808Z,12.436465,-130.499836,SYN002,Abyss Surveyor,4.65,272.3
2026-06-10T01:14:46.165921Z,35.517393,-61.964859,SYN005,Research Dawn,1.94,317.9
2026-06-17T11:31:52.062032Z,4.47957,-109.964117,SYN009,Pelagic Wanderer,3.93,270.8
2026-06-09T13:20:35.083577Z,35.486401,-61.946482,SYN005,Research Dawn,2.02,34.8
2026-06-11T12:27:01.955329Z,-21.971153,-19.854064,SYN006,Cable Mapper,5.15,269.8
2026-06-07T14:06:36.847598Z,11.160475,-126.670595,SYN004,Nodule Explorer,3.49,90.9
2026-06-09T12:52:54.854412Z,35.474542,-61.959982,SYN005,Research Dawn,1.01,56.0
2026-06-05T05:36:31.434104Z,28.228639,-44.286632,SYN003,Atlantic Carrier,11.11,107.4
2026-06-11T08:50:52.618924Z,-21.990454,-19.902642,SYN006,Cable Mapper,4.86,269.9
2026-06-09T21:34:54.842800Z,35.450623,-61.990299,SYN005,Research Dawn,1.9,85.1
2026-06-15T20:30:53.671397Z,-13.444973,78.101424,SYN008,Mineral Quest,4.58,264.2
2026-06-09T07:49:20.556463Z,35.533436,-62.045502,SYN005,Research Dawn,1.07,221.8
2026-06-03T14:09:56.600060Z,12.448527,-130.363963,SYN002,Abyss Surveyor,4.47,88.0
2026-06-07T05:40:44.075608Z,11.099546,-126.637144,SYN004,Nodule Explorer,3.96,90.5
2026-06-05T02:00:00.000000Z,27.999817,-44.999877,SYN003,Atlantic Carrier,12.07,
2026-06-03T03:24:39.092532Z,12.399844,-130.491025,SYN002,Abyss Surveyor,4.7,92.1
2026-06-15T23:26:53.655665Z,-13.434407,78.064315,SYN008,Mineral Quest,4.33,84.2
2026-06-19T14:32:55.865254Z,-5.006887,160.034854,SYN010,Supply Runner,7.82,265.3
2026-06-09T15:34:24.734900Z,35.541829,-61.975243,SYN005,Research Dawn,2.07,288.6
2026-06-17T21:49:10.370477Z,4.665393,-109.950654,SYN009,Pelagic Wanderer,3.8,167.9
2026-06-07T06:57:31.159779Z,11.11575,-126.60128,SYN004,Nodule Explorer,3.38,272.8
2026-06-13T09:43:48.164065Z,8.146523,145.552508,SYN007,Bulk Horizon,9.39,121.6
2026-06-01T00:11:26.847180Z,21.009317,-149.954163,SYN001,Pacific Trader,14.41,78.9
2026-06-15T08:06:02.871644Z,-13.506034,77.954613,SYN008,Mineral Quest,4.02,80.7
2026-06-16T00:50:57.598084Z,-13.427266,78.156735,SYN008,Mineral Quest,3.82,72.7
2026-06-09T07:36:20.141264Z,35.536539,-62.04168,SYN005,Research Dawn,2.78,230.6
2026-06-03T18:38:17.396622Z,12.472671,-130.364209,SYN002,Abyss Surveyor,4.43,88.9
2026-06-13T12:27:15.324801Z,8.234507,145.975273,SYN007,Bulk Horizon,9.9,84.8
2026-06-03T12:26:34.801575Z,12.448657,-130.49086,SYN002,Abyss Surveyor,4.36,87.8
2026-06-10T03:30:22.747383Z,35.530032,-62.042734,SYN005,Research Dawn,2.31,238.6
2026-06-03T02:07:29.669325Z,12.391633,-130.585413,SYN002,Abyss Surveyor,4.64,84.7
2026-06-10T00:14:43.824358Z,35.493476,-61.950976,SYN005,Research Dawn,2.34,354.8
2026-06-09T04:04:30.889531Z,35.502835,-61.960331,SYN005,Research Dawn,2.18,354.3
2026-06-10T01:55:54.791724Z,35.530565,-61.984554,SYN005,Research Dawn,2.14,300.7
2026-06-09T13:12:41.246353Z,35.482857,-61.949553,SYN005,Research Dawn,2.27,38.2
2026-06-07T18:28:17.650100Z,11.186983,-126.682035,SYN004,Nodule Explorer,3.79,71.6
2026-06-17T10:43:32.064007Z,4.465286,-109.945776,SYN009,Pelagic Wanderer,3.73,5.1
2026-06-13T07:40:57.214862Z,8.106173,145.249888,SYN007,Bulk Horizon,10.79,44.0
2026-06-15T12:24:19.028145Z,-13.485976,78.045563,SYN008,Mineral Quest,3.85,270.3
2026-06-15T09:01:02.761421Z,-13.498443,78.017232,SYN008,Mineral Quest,3.67,64.0
2026-06-10T01:37:02.623062Z,35.525383,-61.975423,SYN005,Research Dawn,2.27,305.2
2026-06-15T14:22:27.089770Z,-13.477915,78.064885,SYN008,Mineral Quest,3.4,90.0
2026-06-19T13:36:15.872584Z,-4.998804,160.166887,SYN010,Supply Runner,9.19,265.9
2026-06-11T13:00:06.824409Z,-21.971394,-19.902648,SYN006,Cable Mapper,5.28,269.8
2026-06-13T12:07:08.049985Z,8.229511,145.919307,SYN007,Bulk Horizon,10.74,85.8
2026-06-03T05:41:04.095263Z,12.412026,-130.363888,SYN002,Abyss Surveyor,4.38,269.2
2026-06-10T01:42:25.041519Z,35.52747,-61.978142,SYN005,Research Dawn,2.08,310.1
2026-06-11T07:57:16.946834Z,-21.997199,-19.830796,SYN006,Cable Mapper,3.61,37.6
2026-06-05T02:58:25.636051Z,28.131443,-44.843779,SYN003,Atlantic Carrier,11.66,57.9
2026-06-03T16:55:01.920593Z,12.472834,-130.490857,SYN002,Abyss Surveyor,4.36,92.0
2026-06-03T06:10:15.424977Z,12.412173,-130.400144,SYN002,Abyss Surveyor,4.34,271.6
2026-06-03T09:56:57.812462Z,12.433236,-130.349273,SYN002,Abyss Surveyor,4.34,343.1
2026-06-15T22:04:13.723209Z,-13.442667,77.991183,SYN008,Mineral Quest,3.98,274.4
2026-06-15T18:08:27.225749Z,-13.45805,78.000438,SYN008,Mineral Quest,2.71,96.1
2026-06-10T02:52:20.423306Z,35.537213,-62.019806,SYN005,Research Dawn,1.62,262.0
2026-06-17T09:45:26.621881Z,4.424237,-109.961483,SYN009,Pelagic Wanderer,3.48,129.2
2026-06-01T04:46:01.063385Z,21.271972,-148.8901,SYN001,Pacific Trader,14.29,76.2
2026-06-10T02:07:23.757779Z,35.533365,-61.990829,SYN005,Research Dawn,1.53,295.0
2026-06-15T14:37:53.742630Z,-13.477702,78.082555,SYN008,Mineral Quest,4.35,96.4
2026-06-17T21:24:43.300486Z,4.68465,-109.95288,SYN009,Pelagic Wanderer,4.47,179.7
2026-06-13T11:11:10.822039Z,8.163602,145.784537,SYN007,Bulk Horizon,10.0,100.9
2026-06-13T07:05:16.172388Z,8.065132,145.165606,SYN007,Bulk Horizon,10.7,93.0
2026-06-05T06:11:29.435885Z,28.193407,-44.162843,SYN003,Atlantic Carrier,11.46,116.1
2026-06-03T16:39:50.518738Z,12.466951,-130.506118,SYN002,Abyss Surveyor,3.93,344.2
2026-06-03T15:25:33.780726Z,12.460867,-130.418523,SYN002,Abyss Surveyor,4.51,271.2
2026-06-15T11:06:37.127188Z,-13.486831,78.134563,SYN008,Mineral Quest,2.56,272.9
2026-06-01T04:11:20.969610Z,21.239658,-149.026296,SYN001,Pacific Trader,14.09,75.4
2026-06-19T13:58:39.753869Z,-5.00194,160.114041,SYN010,Supply Runner,7.26,266.2
2026-06-17T16:27:25.840765Z,4.532014,-110.043928,SYN009,Pelagic Wanderer,3.98,32.7
2026-06-11T12:46:52.637741Z,-21.971266,-19.88338,SYN006,Cable Mapper,5.07,271.7
2026-06-19T10:21:31.285122Z,-4.992087,160.196003,SYN010,Supply Runner,8.26,83.7
2026-06-13T09:24:18.924883Z,8.173526,145.505387,SYN007,Bulk Horizon,9.69,119.1
2026-06-17T09:38:53.624277Z,4.428454,-109.966608,SYN009,Pelagic Wanderer,2.76,120.0
2026-06-11T13:19:22.265615Z,-21.971369,-19.932095,SYN006,Cable Mapper,5.25,268.3
2026-06-03T04:49:52.325075Z,12.399735,-130.39124,SYN002,Abyss Surveyor,3.84,92.9
2026-06-13T08:07:04.649292Z,8.157331,145.301972,SYN007,Bulk Horizon,10.05,48.3
2026-06-03T02:42:50.190000Z,12.395882,-130.542899,SYN002,Abyss Surveyor,4.73,83.2
2026-06-17T18:06:24.986096Z,4.597327,-110.033463,SYN009,Pelagic Wanderer,3.18,312.4
2026-06-11T14:12:12.117564Z,-21.963619,-20.004743,SYN006,Cable Mapper,5.11,16.8
2026-06-09T17:22:43.373363Z,35.530455,-62.022026,SYN005,Research Dawn,1.08,226.6
2026-06-07T04:23:42.757459Z,11.097701,-126.714452,SYN004,Nodule Explorer,4.08,79.0
2026-06-10T00:08:40.569909Z,35.489671,-61.95065,SYN005,Research Dawn,1.88,359.8
2026-06-03T15:46:51.867652Z,12.460961,-130.44551,SYN002,Abyss Surveyor,4.59,272.3
2026-06-15T23:02:18.333931Z,-13.435017,78.03587,SYN008,Mineral Quest,4.52,90.0
2026-06-09T20:23:38.783811Z,35.45867,-62.025536,SYN005,Research Dawn,2.26,134.2
2026-06-15T17:47:30.560466Z,-13.462898,77.986233,SYN008,Mineral Quest,3.45,328.4
2026-06-17T09:21:49.600174Z,4.439287,-109.97588,SYN009,Pelagic Wanderer,1.44,160.9
2026-06-15T13:06:56.629612Z,-13.485321,77.998919,SYN008,Mineral Quest,3.83,263.9
2026-06-16T00:36:45.307643Z,-13.430856,78.142175,SYN008,Mineral Quest,3.79,71.7
2026-06-09T19:40:45.797269Z,35.475083,-62.039819,SYN005,Research Dawn,2.42,159.1
2026-06-13T09:33:58.988961Z,8.159953,145.529133,SYN007,Bulk Horizon,10.01,120.4
2026-06-09T16:34:18.313906Z,35.540109,-62.004374,SYN005,Research Dawn,1.22,257.1
2026-06-05T05:58:57.962608Z,28.207431,-44.203442,SYN003,Atlantic Carrier,13.45,107.9
2026-06-01T03:36:18.737544Z,21.203309,-149.161312,SYN001,Pacific Trader,14.5,74.8
2026-06-09T07:13:17.518008Z,35.541894,-62.033138,SYN005,Research Dawn,1.2,242.5
2026-06-13T07:31:11.729077Z,8.085548,145.228936,SYN007,Bulk Horizon,9.71,44.8
2026-06-11T10:48:31.366763Z,-21.980458,-19.941684,SYN006,Cable Mapper,5.12,87.9
2026-06-15T22:06:13.723209Z,-13.443166,77.989826,SYN008,Mineral Quest,2.47,248.8
2026-06-17T14:15:15.491755Z,4.531497,-110.004138,SYN009,Pelagic Wanderer,3.67,315.4
2026-06-15T11:00:44.144519Z,-13.489087,78.138946,SYN008,Mineral Quest,1.84,337.4
2026-06-10T02:24:49.744521Z,35.536491,-62.002315,SYN005,Research Dawn,1.65,286.2
2026-06-17T10:52:37.641094Z,4.471908,-109.942977,SYN009,Pelagic Wanderer,2.72,22.8
2026-06-03T05:10:50.528011Z,12.399716,-130.363993,SYN002,Abyss Surveyor,4.59,92.2
2026-06-09T04:20:07.379862Z,35.508704,-61.96082,SYN005,Research Dawn,2.12,350.8
2026-06-03T07:52:57.544860Z,12.423939,-130.49096,SYN002,Abyss Surveyor,4.4,89.4
2026-06-11T13:06:30.682450Z,-21.97124,-19.912457,SYN006,Cable Mapper,5.11,267.1
2026-06-15T20:03:46.036165Z,-13.452899,78.124511,SYN008,Mineral Quest,1.93,47.7
2026-06-11T06:29:32.801755Z,-21.999702,-19.960983,SYN006,Cable Mapper,4.53,89.4
2026-06-07T09:18:12.382373Z,11.129222,-126.690062,SYN004,Nodule Explorer,3.6,92.1
2026-06-01T05:37:47.731569Z,21.323004,-148.686433,SYN001,Pacific Trader,14.11,74.9
2026-06-11T15:42:29.842011Z,-21.960782,-19.873574,SYN006,Cable Mapper,4.76,86.8
2026-06-11T12:33:11.419105Z,-21.971173,-19.863783,SYN006,Cable Mapper,5.18,270.4
2026-06-09T15:57:52.427500Z,35.542759,-61.985395,SYN005,Research Dawn,0.9,267.6
2026-06-11T12:53:48.297050Z,-21.971221,-19.893018,SYN006,Cable Mapper,4.57,271.1
2026-06-07T05:24:07.032780Z,11.099763,-126.655178,SYN004,Nodule Explorer,3.76,91.2
2026-06-15T14:30:49.896382Z,-13.477104,78.074161,SYN008,Mineral Quest,3.87,86.4
2026-06-10T01:08:52.859738Z,35.515251,-61.962541,SYN005,Research Dawn,1.88,326.5
2026-06-11T13:58:11.568818Z,-21.971218,-19.990252,SYN006,Cable Mapper,4.69,271.9
2026-06-01T03:41:54.181218Z,21.210368,-149.139191,SYN001,Pacific Trader,14.16,72.3
2026-06-01T06:24:18.487021Z,21.367386,-148.505195,SYN001,Pacific Trader,14.88,72.7
2026-06-15T10:03:36.164192Z,-13.498923,78.088821,SYN008,Mineral Quest,4.45,87.1
2026-06-15T13:13:55.222704Z,-13.481533,77.997804,SYN008,Mineral Quest,2.35,10.2
2026-06-05T03:32:59.199135Z,28.18833,-44.731136,SYN003,Atlantic Carrier,11.02,65.9
2026-06-05T02:22:48.850697Z,28.057554,-44.942671,SYN003,Atlantic Carrier,12.46,49.2
2026-06-15T16:14:19.261418Z,-13.466217,78.091178,SYN008,Mineral Quest,3.94,275.6
2026-06-07T06:15:29.043110Z,11.099577,-126.60138,SYN004,Nodule Explorer,3.65,88.1
2026-06-09T07:30:43.649469Z,35.539314,-62.037568,SYN005,Research Dawn,0.64,231.7
2026-06-09T11:57:36.651639Z,35.467019,-61.984183,SYN005,Research Dawn,1.26,83.8
2026-06-09T22:01:58.029834Z,35.453044,-61.979682,SYN005,Research Dawn,1.48,73.4
2026-06-17T18:31:25.739499Z,4.615293,-110.044891,SYN009,Pelagic Wanderer,3.26,330.4
2026-06-17T19:11:53.571345Z,4.62894,-110.012832,SYN009,Pelagic Wanderer,4.02,69.1
2026-06-17T19:40:22.859017Z,4.633759,-109.997899,SYN009,Pelagic Wanderer,2.44,58.4
2026-06-11T06:43:17.984068Z,-21.999721,-19.941656,SYN006,Cable Mapper,4.75,89.6
2026-06-13T06:25:05.335918Z,8.04061,145.058753,SYN007,Bulk Horizon,9.98,56.1
2026-06-01T00:47:38.420854Z,21.036978,-149.816782,SYN001,Pacific Trader,12.54,75.6
2026-06-19T09:43:41.665506Z,-4.995823,160.104495,SYN010,Supply Runner,9.12,89.6
2026-06-09T04:58:36.985717Z,35.527037,-61.967778,SYN005,Research Dawn,1.86,337.3
2026-06-03T14:20:11.000137Z,12.449433,-130.351985,SYN002,Abyss Surveyor,4.17,71.3
2026-06-01T05:19:50.041845Z,21.30664,-148.75464,SYN001,Pacific Trader,13.17,75.0
2026-06-05T04:13:29.563793Z,28.230188,-44.587427,SYN003,Atlantic Carrier,13.17,77.6
2026-06-19T12:52:42.835199Z,-4.992148,160.272683,SYN010,Supply Runner,8.82,266.9
2026-06-09T05:47:36.202660Z,35.542833,-61.987545,SYN005,Research Dawn,2.06,298.6
2026-06-17T11:07:09.565635Z,4.47616,-109.940941,SYN009,Pelagic Wanderer,0.98,27.0
2026-06-07T12:05:24.964415Z,11.14371,-126.644632,SYN004,Nodule Explorer,3.73,268.9
2026-06-19T11:00:24.892009Z,-4.988535,160.287521,SYN010,Supply Runner,7.05,87.8
2026-06-09T06:51:08.619210Z,35.545761,-62.023168,SYN005,Research Dawn,1.91,254.7
2026-06-15T23:18:51.937998Z,-13.435523,78.054682,SYN008,Mineral Quest,3.5,98.7
2026-06-11T05:30:50.937640Z,-22.008383,-20.044871,SYN006,Cable Mapper,4.91,79.4
2026-06-03T12:55:11.297266Z,12.448837,-130.454561,SYN002,Abyss Surveyor,4.58,86.8
2026-06-07T03:54:45.350958Z,11.092818,-126.743612,SYN004,Nodule Explorer,3.82,77.9
2026-06-09T23:52:04.066146Z,35.481814,-61.951164,SYN005,Research Dawn,2.73,13.2
2026-06-10T02:13:40.382934Z,35.534749,-61.99453,SYN005,Research Dawn,1.98,292.4
2026-06-19T12:16:34.594957Z,-4.986617,160.365325,SYN010,Supply Runner,8.04,265.4
2026-06-05T07:09:33.848434Z,28.092414,-43.980177,SYN003,Atlantic Carrier,11.14,129.8
2026-06-13T06:31:14.772917Z,8.048956,145.070351,SYN007,Bulk Horizon,8.32,52.8
2026-06-13T10:24:13.663963Z,8.16931,145.655531,SYN007,Bulk Horizon,9.78,63.2
2026-06-13T08:36:02.449702Z,8.149958,145.37905,SYN007,Bulk Horizon,10.64,108.3
2026-06-09T14:39:29.453478Z,35.523722,-61.946053,SYN005,Research Dawn,2.1,330.4
2026-06-09T04:31:55.209484Z,35.5148,-61.962161,SYN005,Research Dawn,2.29,345.8
2026-06-07T07:58:11.825488Z,11.115276,-126.663356,SYN004,Nodule Explorer,4.13,272.5
2026-06-11T09:37:20.243243Z,-21.990288,-19.971005,SYN006,Cable Mapper,5.06,271.8
2026-06-17T19:27:42.742081Z,4.629692,-110.00487,SYN009,Pelagic Wanderer,1.82,85.4
2026-06-03T02:32:09.217313Z,12.394449,-130.556857,SYN002,Abyss Surveyor,4.19,83.8
2026-06-17T10:29:12.312849Z,4.449359,-109.946607,SYN009,Pelagic Wanderer,4.05,18.5
2026-06-07T17:10:48.093478Z,11.174512,-126.697455,SYN004,Nodule Explorer,3.73,269.3
2026-06-17T15:41:41.168772Z,4.519862,-110.050282,SYN009,Pelagic Wanderer,3.84,252.8
2026-06-15T20:54:30.569609Z,-13.445441,78.072999,SYN008,Mineral Quest,4.05,260.2
2026-06-19T09:23:31.247361Z,-4.997936,160.052481,SYN010,Supply Runner,8.71,86.8
2026-06-07T12:13:51.914630Z,11.14379,-126.653509,SYN004,Nodule Explorer,3.72,271.2
2026-06-03T12:48:01.047433Z,12.448775,-130.463752,SYN002,Abyss Surveyor,4.43,87.9
2026-06-10T01:50:44.174664Z,35.529006,-61.981335,SYN005,Research Dawn,1.26,299.7
2026-06-09T08:46:02.433119Z,35.513226,-62.055263,SYN005,Research Dawn,1.2,186.5
2026-06-19T11:53:58.571145Z,-4.983331,160.418186,SYN010,Supply Runner,8.54,88.3
2026-06-03T08:37:24.594875Z,12.423857,-130.436501,SYN002,Abyss Surveyor,4.49,90.7
2026-06-11T10:02:39.512881Z,-21.985367,-20.004843,SYN006,Cable Mapper,4.44,350.6
2026-06-15T22:15:37.024165Z,-13.436588,77.987925,SYN008,Mineral Quest,3.32,25.4
2026-06-19T12:26:20.255740Z,-4.988192,160.339057,SYN010,Supply Runner,9.74,266.4
2026-06-01T02:27:04.272676Z,21.12704,-149.430426,SYN001,Pacific Trader,13.85,74.2
2026-06-11T10:06:39.512881Z,-21.981387,-20.002648,SYN006,Cable Mapper,4.17,43.8
2026-06-03T17:53:43.024659Z,12.472768,-130.418524,SYN002,Abyss Surveyor,4.27,90.9
2026-06-19T12:04:41.128234Z,-4.985013,160.391729,SYN010,Supply Runner,9.02,268.3
2026-06-17T13:54:44.643942Z,4.527926,-109.9859,SYN009,Pelagic Wanderer,3.37,282.2
2026-06-15T18:15:23.195304Z,-13.45795,78.008361,SYN008,Mineral Quest,3.88,89.5
2026-06-11T12:13:53.339263Z,-21.971226,-19.834721,SYN006,Cable Mapper,4.26,281.0
2026-06-19T09:38:40.753126Z,-4.996302,160.091681,SYN010,Supply Runner,9.33,86.7
2026-06-03T18:01:46.774323Z,12.472894,-130.409467,SYN002,Abyss Surveyor,3.89,87.4
2026-06-17T19:03:25.168430Z,4.625723,-110.021281,SYN009,Pelagic Wanderer,2.42,54.4
2026-06-19T12:36:40.946364Z,-4.989902,160.31231,SYN010,Supply Runner,9.45,265.0
2026-06-10T00:49:10.485555Z,35.506902,-61.95602,SYN005,Research Dawn,1.03,336.2
2026-06-15T17:56:25.857621Z,-13.456927,77.9906,SYN008,Mineral Quest,4.09,57.8
2026-06-09T19:35:52.693848Z,35.478357,-62.041394,SYN005,Research Dawn,2.26,168.9
2026-06-03T14:41:19.627044Z,12.460839,-130.363936,SYN002,Abyss Surveyor,3.9,267.2
2026-06-05T02:52:37.478150Z,28.120828,-44.8617,SYN003,Atlantic Carrier,10.93,49.4
2026-06-07T15:33:18.556465Z,11.173004,-126.595051,SYN004,Nodule Explorer,3.08,315.4
2026-06-19T09:00:00.000000Z,-4.999994,160.000008,SYN010,Supply Runner,8.4,
2026-06-13T06:00:00.000000Z,7.999965,144.999971,SYN007,Bulk Horizon,10.15,
2026-06-17T12:10:51.009651Z,4.498668,-109.973197,SYN009,Pelagic Wanderer,2.5,12.8
2026-06-10T02:31:33.680469Z,35.537132,-62.006329,SYN005,Research Dawn,1.85,276.9
2026-06-07T10:29:32.887164Z,11.129908,-126.618434,SYN004,Nodule Explorer,3.41,85.7
2026-06-03T14:22:40.934884Z,12.451667,-130.349458,SYN002,Abyss Surveyor,4.93,43.4
2026-06-07T16:53:36.848610Z,11.174337,-126.679792,SYN004,Nodule Explorer,3.96,271.9
2026-06-01T07:28:41.243540Z,21.429781,-148.256421,SYN001,Pacific Trader,13.66,76.6
2026-06-17T13:22:13.778618Z,4.540291,-109.968226,SYN009,Pelagic Wanderer,0.84,242.3
2026-06-05T03:56:49.122349Z,28.215634,-44.650305,SYN003,Atlantic Carrier,12.07,72.2
2026-06-11T11:48:55.453672Z,-21.980456,-19.85421,SYN006,Cable Mapper,4.6,89.8
2026-06-15T22:09:43.529182Z,-13.44157,77.987467,SYN008,Mineral Quest,2.84,308.9
2026-06-01T02:03:29.065387Z,21.105731,-149.521225,SYN001,Pacific Trader,14.54,76.8
2026-06-07T14:40:12.268411Z,11.159721,-126.634817,SYN004,Nodule Explorer,3.71,92.4
2026-06-07T13:48:25.995212Z,11.160686,-126.688506,SYN004,Nodule Explorer,3.27,92.3
2026-06-05T02:40:31.139576Z,28.096662,-44.895418,SYN003,Atlantic Carrier,11.26,49.5
2026-06-09T12:59:41.726362Z,35.477104,-61.956105,SYN005,Research Dawn,2.25,52.8
2026-06-01T05:13:54.753892Z,21.300828,-148.777167,SYN001,Pacific Trader,14.63,72.7
2026-06-10T03:15:58.738491Z,35.534342,-62.033822,SYN005,Research Dawn,2.45,248.9
2026-06-03T18:57:37.943096Z,12.4757,-130.340124,SYN002,Abyss Surveyor,4.39,78.4
2026-06-17T15:33:49.236527Z,4.522381,-110.042486,SYN009,Pelagic Wanderer,3.72,206.6
2026-06-03T05:48:32.180764Z,12.412206,-130.373153,SYN002,Abyss Surveyor,4.42,271.6
2026-06-17T18:14:57.073630Z,4.602195,-110.036354,SYN009,Pelagic Wanderer,2.24,328.2
2026-06-07T13:16:56.568205Z,11.15271,-126.714881,SYN004,Nodule Explorer,3.56,348.4
2026-06-17T18:23:02.000684Z,4.60877,-110.040818,SYN009,Pelagic Wanderer,3.43,327.0
2026-06-15T07:26:34.688229Z,-13.512085,77.909743,SYN008,Mineral Quest,4.04,82.1
2026-06-01T05:08:28.962699Z,21.294945,-148.79973,SYN001,Pacific Trader,13.98,75.4
2026-06-11T12:09:53.339263Z,-21.973589,-19.830371,SYN006,Cable Mapper,4.34,347.8
2026-06-03T07:15:38.726875Z,12.411862,-130.48169,SYN002,Abyss Surveyor,4.47,269.4
2026-06-17T08:36:18.684333Z,4.472598,-109.98743,SYN009,Pelagic Wanderer,2.34,143.7
2026-06-09T14:56:00.650240Z,35.530945,-61.952438,SYN005,Research Dawn,1.58,319.0
2026-06-13T12:17:15.018900Z,8.231948,145.947478,SYN007,Bulk Horizon,9.56,87.8
2026-06-05T05:42:01.530179Z,28.224391,-44.265345,SYN003,Atlantic Carrier,12.44,102.1
2026-06-17T11:22:04.657269Z,4.479558,-109.954225,SYN009,Pelagic Wanderer,3.19,280.0
2026-06-15T08:44:42.471440Z,-13.499672,77.999593,SYN008,Mineral Quest,4.02,84.7
2026-06-19T11:59:17.471641Z,-4.984241,160.405228,SYN010,Supply Runner,8.69,265.4
2026-06-09T11:14:50.956592Z,35.468595,-62.00965,SYN005,Research Dawn,1.44,101.4
2026-06-09T14:46:09.619322Z,35.527859,-61.94909,SYN005,Research Dawn,2.73,327.5
2026-06-15T13:49:35.937161Z,-13.47887,78.028618,SYN008,Mineral Quest,3.68,91.5
2026-06-10T03:09:45.730625Z,35.53589,-62.02895,SYN005,Research Dawn,1.51,258.7
2026-06-07T10:46:51.237817Z,11.129937,-126.60053,SYN004,Nodule Explorer,3.55,89.5
2026-06-01T05:55:00.770317Z,21.338669,-148.618192,SYN001,Pacific Trader,14.05,75.9
2026-06-03T06:31:49.477411Z,12.411997,-130.427357,SYN002,Abyss Surveyor,4.52,269.1
2026-06-09T10:10:45.464418Z,35.476949,-62.033943,SYN005,Research Dawn,1.73,126.9
2026-06-01T01:04:46.813685Z,21.053399,-149.748696,SYN001,Pacific Trader,13.48,77.9
2026-06-01T02:33:03.900269Z,21.13301,-149.407857,SYN001,Pacific Trader,13.04,72.1
2026-06-15T09:51:14.850375Z,-13.49955,78.073441,SYN008,Mineral Quest,4.1,88.5
2026-06-15T23:50:46.911761Z,-13.434297,78.091234,SYN008,Mineral Quest,3.84,80.1
2026-06-01T04:40:34.400926Z,21.266327,-148.912591,SYN001,Pacific Trader,13.01,76.0
2026-06-09T06:31:04.505815Z,35.547297,-62.012523,SYN005,Research Dawn,1.94,273.4
2026-06-11T16:08:30.510258Z,-21.960701,-19.834701,SYN006,Cable Mapper,4.81,87.6
2026-06-15T13:58:52.828021Z,-13.477816,78.038578,SYN008,Mineral Quest,3.77,81.5
2026-06-15T21:17:43.635910Z,-13.443454,78.045601,SYN008,Mineral Quest,4.46,281.5
2026-06-03T01:23:16.114729Z,12.386187,-130.642108,SYN002,Abyss Surveyor,4.51,82.5
2026-06-01T06:06:55.498480Z,21.34922,-148.572843,SYN001,Pacific Trader,12.56,76.9
2026-06-03T09:48:24.673629Z,12.424582,-130.351649,SYN002,Abyss Surveyor,3.89,75.6
2026-06-05T02:11:47.127637Z,28.029329,-44.972232,SYN003,Atlantic Carrier,11.01,39.4
2026-06-17T14:00:05.232768Z,4.525798,-109.991108,SYN009,Pelagic Wanderer,3.81,250.3
2026-06-05T05:47:59.911430Z,28.219928,-44.244371,SYN003,Atlantic Carrier,11.62,103.6
2026-06-01T05:32:09.497396Z,21.317633,-148.709103,SYN001,Pacific Trader,13.94,79.7
2026-06-11T15:22:12.890333Z,-21.960815,-19.902757,SYN006,Cable Mapper,5.1,93.0
2026-06-07T08:06:33.435105Z,11.115273,-126.672331,SYN004,Nodule Explorer,3.69,269.5
2026-06-17T11:12:53.416550Z,4.478293,-109.946395,SYN009,Pelagic Wanderer,3.85,289.4
2026-06-01T00:35:43.567115Z,21.027796,-149.862633,SYN001,Pacific Trader,13.69,76.0
2026-06-03T05:34:05.175343Z,12.412268,-130.355024,SYN002,Abyss Surveyor,3.97,285.3
2026-06-17T21:04:56.631431Z,4.686517,-109.960734,SYN009,Pelagic Wanderer,3.86,23.5
2026-06-11T13:12:54.608527Z,-21.971293,-19.922076,SYN006,Cable Mapper,4.86,267.8
2026-06-03T11:33:49.927990Z,12.436334,-130.463867,SYN002,Abyss Surveyor,4.18,267.8
2026-06-09T20:17:07.786217Z,35.461625,-62.029244,SYN005,Research Dawn,2.7,134.8
2026-06-03T08:53:01.090783Z,12.423988,-130.418484,SYN002,Abyss Surveyor,4.23,87.3
2026-06-03T10:33:02.455816Z,12.43642,-130.391194,SYN002,Abyss Surveyor,3.97,272.0
2026-06-05T06:16:55.072086Z,28.185694,-44.143129,SYN003,Atlantic Carrier,12.49,114.0
2026-06-05T06:52:22.143361Z,28.127912,-44.031162,SYN003,Atlantic Carrier,10.81,123.6
2026-06-09T19:50:25.381270Z,35.471368,-62.038076,SYN005,Research Dawn,1.58,162.0
2026-06-09T04:14:38.855520Z,35.505877,-61.960317,SYN005,Research Dawn,1.1,358.2
2026-06-13T12:11:53.960240Z,8.230764,145.933241,SYN007,Bulk Horizon,10.13,84.4
2026-06-17T20:58:03.505515Z,4.679877,-109.963559,SYN009,Pelagic Wanderer,3.33,39.5
2026-06-11T08:05:16.946834Z,-21.990627,-19.834768,SYN006,Cable Mapper,4.36,281.7
2026-06-11T14:06:12.117564Z,-21.970577,-20.002775,SYN006,Cable Mapper,4.88,285.1
2026-06-01T06:59:18.842387Z,21.405982,-148.37064,SYN001,Pacific Trader,13.7,73.7
2026-06-07T15:14:23.866771Z,11.159022,-126.598879,SYN004,Nodule Explorer,3.98,88.8
2026-06-11T16:49:55.173622Z,-21.95064,-19.77691,SYN006,Cable Mapper,5.28,79.1
2026-06-15T15:34:45.766209Z,-13.469959,78.132695,SYN008,Mineral Quest,3.63,357.6
2026-06-05T05:00:15.012299Z,28.243378,-44.415058,SYN003,Atlantic Carrier,12.25,95.4
2026-06-03T07:23:25.880006Z,12.412035,-130.490811,SYN002,Abyss Surveyor,3.95,267.5
2026-06-15T19:37:59.150506Z,-13.456522,78.101891,SYN008,Mineral Quest,3.99,91.7
2026-06-15T19:13:14.139109Z,-13.455407,78.073674,SYN008,Mineral Quest,4.09,88.1
2026-06-19T14:26:53.861056Z,-5.006065,160.048061,SYN010,Supply Runner,7.71,265.2
2026-06-15T17:09:44.059960Z,-13.467443,78.027271,SYN008,Mineral Quest,4.28,265.4
2026-06-03T16:15:31.531199Z,12.460859,-130.481858,SYN002,Abyss Surveyor,4.38,274.8
2026-06-19T13:04:10.888690Z,-4.993906,160.246369,SYN010,Supply Runner,7.98,267.0
2026-06-05T06:34:19.787997Z,28.159184,-44.085534,SYN003,Atlantic Carrier,12.48,118.6
2026-06-03T06:46:18.010918Z,12.412057,-130.445582,SYN002,Abyss Surveyor,4.37,273.5
2026-06-03T18:45:37.872137Z,12.472562,-130.354829,SYN002,Abyss Surveyor,4.67,93.0
2026-06-07T11:01:42.680401Z,11.133294,-126.585781,SYN004,Nodule Explorer,3.66,46.6
2026-06-15T20:24:31.531307Z,-13.44409,78.10963,SYN008,Mineral Quest,3.85,279.0
2026-06-13T06:45:35.353892Z,8.06509,145.108223,SYN007,Bulk Horizon,10.06,90.8
2026-06-11T12:05:53.339263Z,-21.978037,-19.830323,SYN006,Cable Mapper,4.5,46.8
2026-06-11T13:25:38.015315Z,-21.97132,-19.94168,SYN006,Cable Mapper,4.89,270.8
2026-06-05T02:17:15.604421Z,28.044083,-44.958104,SYN003,Atlantic Carrier,12.71,40.7
2026-06-19T13:25:33.001298Z,-4.996951,160.193493,SYN010,Supply Runner,9.43,267.3
2026-06-11T15:09:35.545081Z,-21.961019,-19.92213,SYN006,Cable Mapper,4.81,92.4
2026-06-19T10:26:46.651835Z,-4.991731,160.209207,SYN010,Supply Runner,9.05,89.6
2026-06-13T07:51:05.939426Z,8.126721,145.270498,SYN007,Bulk Horizon,10.24,46.0
2026-06-17T16:14:27.523614Z,4.520875,-110.049978,SYN009,Pelagic Wanderer,3.93,34.0
2026-06-09T15:05:59.168513Z,35.534094,-61.956589,SYN005,Research Dawn,1.65,314.4
2026-06-03T08:30:02.045141Z,12.423919,-130.44575,SYN002,Abyss Surveyor,4.27,90.3
2026-06-07T08:56:40.431181Z,11.128321,-126.711594,SYN004,Nodule Explorer,3.85,42.5
2026-06-13T08:01:51.404782Z,8.147224,145.291233,SYN007,Bulk Horizon,9.08,46.2
2026-06-09T11:32:08.651532Z,35.466876,-61.999399,SYN005,Research Dawn,2.36,99.3
2026-06-07T08:41:53.970066Z,11.116045,-126.711473,SYN004,Nodule Explorer,3.66,287.7
2026-06-11T07:15:30.684430Z,-21.999706,-19.892993,SYN006,Cable Mapper,5.14,89.0
2026-06-15T07:52:30.961798Z,-13.50791,77.939516,SYN008,Mineral Quest,4.04,81.6
2026-06-01T01:10:36.400072Z,21.058705,-149.726024,SYN001,Pacific Trader,13.46,77.6
2026-06-03T13:03:02.300444Z,12.448599,-130.445543,SYN002,Abyss Surveyor,3.97,88.0
2026-06-03T07:46:09.217419Z,12.423821,-130.499897,SYN002,Abyss Surveyor,4.14,78.6
2026-06-03T07:40:54.128790Z,12.420973,-130.505233,SYN002,Abyss Surveyor,4.32,19.2
2026-06-01T04:22:37.359427Z,21.250529,-148.980934,SYN001,Pacific Trader,14.49,77.3
2026-06-17T18:48:07.761415Z,4.6187,-110.032034,SYN009,Pelagic Wanderer,3.16,65.3
2026-06-15T07:00:00.000000Z,-13.516196,77.879578,SYN008,Mineral Quest,4.07,
2026-06-11T12:07:53.339263Z,-21.975853,-19.829869,SYN006,Cable Mapper,4.09,11.0
2026-06-07T16:10:46.081734Z,11.174309,-126.634851,SYN004,Nodule Explorer,3.71,273.8
2026-06-01T03:18:44.916736Z,21.183113,-149.228272,SYN001,Pacific Trader,14.04,69.0
2026-06-03T12:14:09.373081Z,12.445591,-130.505471,SYN002,Abyss Surveyor,3.7,7.5
2026-06-03T16:42:16.875787Z,12.469832,-130.505349,SYN002,Abyss Surveyor,4.23,12.2
2026-06-13T06:19:53.776550Z,8.032603,145.046977,SYN007,Bulk Horizon,8.8,54.9
2026-06-19T09:18:06.628826Z,-4.998485,160.039395,SYN010,Supply Runner,8.11,85.5
2026-06-15T18:32:43.616647Z,-13.457346,78.028393,SYN008,Mineral Quest,3.9,94.1
2026-06-15T17:45:30.560466Z,-13.464455,77.98713,SYN008,Mineral Quest,4.04,302.9
2026-06-07T18:43:20.287706Z,11.191146,-126.667792,SYN004,Nodule Explorer,3.52,72.1
2026-06-13T07:00:29.135513Z,8.065199,145.151249,SYN007,Bulk Horizon,10.97,88.7
2026-06-03T03:32:42.825010Z,12.400056,-130.481829,SYN002,Abyss Surveyor,4.09,91.0
2026-06-01T02:55:34.925474Z,21.157471,-149.3177,SYN001,Pacific Trader,13.76,73.6
2026-06-15T18:22:48.615939Z,-13.456888,78.017111,SYN008,Mineral Quest,4.21,82.1
2026-06-19T14:38:08.433829Z,-5.00757,160.021581,SYN010,Supply Runner,9.0,271.6
2026-06-17T18:55:54.165378Z,4.622853,-110.025187,SYN009,Pelagic Wanderer,3.64,54.9
2026-06-09T04:00:00.000000Z,35.499852,-61.959988,SYN005,Research Dawn,2.08,
2026-06-16T01:17:02.988671Z,-13.420102,78.186146,SYN008,Mineral Quest,4.13,77.9
2026-06-17T12:25:41.709948Z,4.513481,-109.972722,SYN009,Pelagic Wanderer,2.6,8.1
2026-06-03T13:25:08.916155Z,12.448779,-130.41842,SYN002,Abyss Surveyor,4.46,89.1
2026-06-03T16:44:59.849302Z,12.471958,-130.50293,SYN002,Abyss Surveyor,4.08,46.0
2026-06-19T14:20:49.536179Z,-5.005033,160.061211,SYN010,Supply Runner,9.12,265.7
2026-06-07T13:38:39.751825Z,11.160819,-126.697626,SYN004,Nodule Explorer,3.7,92.0
2026-06-11T11:01:48.105911Z,-21.980472,-19.921933,SYN006,Cable Mapper,4.63,90.0
2026-06-05T03:21:09.128330Z,28.171482,-44.769841,SYN003,Atlantic Carrier,11.18,63.1
2026-06-01T06:36:06.933022Z,21.380223,-148.460426,SYN001,Pacific Trader,12.76,72.8
2026-06-15T17:54:19.524684Z,-13.458334,77.988536,SYN008,Mineral Quest,2.61,55.8
2026-06-07T07:15:43.334376Z,11.115657,-126.61915,SYN004,Nodule Explorer,3.46,268.5
2026-06-07T10:58:09.404104Z,11.130864,-126.588484,SYN004,Nodule Explorer,3.86,75.5
2026-06-09T11:06:29.316403Z,35.469233,-62.013424,SYN005,Research Dawn,1.27,105.9
2026-06-15T21:57:49.364715Z,-13.443319,77.998805,SYN008,Mineral Quest,4.08,272.2
2026-06-07T18:14:27.097173Z,11.182711,-126.696176,SYN004,Nodule Explorer,3.46,75.9
2026-06-19T11:21:58.277877Z,-4.986434,160.339915,SYN010,Supply Runner,9.14,86.6
2026-06-03T15:54:26.380844Z,12.460698,-130.454823,SYN002,Abyss Surveyor,4.53,269.6
2026-06-01T07:34:42.718046Z,21.434768,-148.233494,SYN001,Pacific Trader,13.04,74.2
2026-06-17T11:47:15.792454Z,4.483098,-109.973203,SYN009,Pelagic Wanderer,2.31,290.4
2026-06-15T10:18:45.716764Z,-13.500122,78.10641,SYN008,Mineral Quest,4.23,93.3
2026-06-15T15:47:40.380499Z,-13.46767,78.120168,SYN008,Mineral Quest,4.31,272.8
2026-06-07T06:31:38.238269Z,11.103477,-126.585277,SYN004,Nodule Explorer,3.99,43.4
2026-06-17T19:50:53.707399Z,4.641838,-109.991126,SYN009,Pelagic Wanderer,3.24,92.9
2026-06-07T06:48:34.190090Z,11.115715,-126.592345,SYN004,Nodule Explorer,3.19,286.1
2026-06-17T16:06:41.168772Z,4.514043,-110.055036,SYN009,Pelagic Wanderer,1.0,218.8
2026-06-01T00:00:00.000000Z,21.000124,-150.000038,SYN001,Pacific Trader,13.59,
2026-06-17T15:04:02.099484Z,4.536196,-110.030205,SYN009,Pelagic Wanderer,3.21,221.2
2026-06-17T12:59:59.684923Z,4.54297,-109.963118,SYN009,Pelagic Wanderer,4.27,28.5
2026-06-07T11:08:01.378594Z,11.139656,-126.585832,SYN004,Nodule Explorer,3.5,348.2
2026-06-15T13:40:30.704557Z,-13.478221,78.018611,SYN008,Mineral Quest,4.19,89.4
2026-06-10T02:18:17.457852Z,35.535675,-61.998458,SYN005,Research Dawn,2.41,285.6
2026-06-15T11:29:55.954529Z,-13.486284,78.1074,SYN008,Mineral Quest,3.84,265.3
2026-06-11T15:55:40.221755Z,-21.960518,-19.854123,SYN006,Cable Mapper,5.15,89.7
2026-06-09T10:23:32.621178Z,35.473503,-62.02714,SYN005,Research Dawn,1.73,122.4
2026-06-17T08:00:00.000000Z,4.500521,-109.999913,SYN009,Pelagic Wanderer,3.23,
2026-06-09T08:31:06.305794Z,35.517488,-62.054671,SYN005,Research Dawn,1.11,196.4
2026-06-10T00:29:39.862346Z,35.500464,-61.95288,SYN005,Research Dawn,2.68,346.6
2026-06-19T13:09:19.555769Z,-4.994508,160.233036,SYN010,Supply Runner,9.36,268.1
2026-06-01T03:30:52.497327Z,21.196694,-149.183657,SYN001,Pacific Trader,12.81,72.8
2026-06-15T13:09:55.142880Z,-13.484142,77.99743,SYN008,Mineral Quest,2.33,310.9
2026-06-16T01:03:59.550437Z,-13.42361,78.171518,SYN008,Mineral Quest,4.04,79.4
2026-06-17T08:45:38.622995Z,4.464762,-109.986483,SYN009,Pelagic Wanderer,3.21,174.0
2026-06-03T18:16:51.622607Z,12.472755,-130.391292,SYN002,Abyss Surveyor,4.43,88.5
2026-06-03T14:30:37.504740Z,12.460115,-130.351764,SYN002,Abyss Surveyor,4.09,315.8
2026-06-19T11:48:24.795638Z,-4.983842,160.405115,SYN010,Supply Runner,9.21,88.7
2026-06-07T04:56:08.692769Z,11.099913,-126.682097,SYN004,Nodule Explorer,3.43,89.7
2026-06-13T08:16:49.754889Z,8.1643,145.325356,SYN007,Bulk Horizon,10.93,106.7
2026-06-09T09:14:52.117620Z,35.496954,-62.052991,SYN005,Research Dawn,2.48,164.7
2026-06-11T08:25:31.544699Z,-21.990562,-19.863898,SYN006,Cable Mapper,5.06,270.0
2026-06-11T14:42:05.235358Z,-21.961042,-19.961231,SYN006,Cable Mapper,5.2,92.9
2026-06-03T12:16:38.978354Z,12.447927,-130.503165,SYN002,Abyss Surveyor,4.56,45.2
2026-06-03T04:56:40.063747Z,12.399588,-130.382177,SYN002,Abyss Surveyor,4.75,95.0
2026-06-17T09:05:55.617990Z,4.446009,-109.978398,SYN009,Pelagic Wanderer,3.48,168.2
2026-06-01T01:58:06.091323Z,21.100781,-149.543957,SYN001,Pacific Trader,13.99,79.6
2026-06-03T01:33:14.994842Z,12.387379,-130.627945,SYN002,Abyss Surveyor,4.77,85.7
2026-06-11T11:55:41.415815Z,-21.980283,-19.844338,SYN006,Cable Mapper,5.09,89.8
2026-06-15T15:04:34.674040Z,-13.476821,78.110299,SYN008,Mineral Quest,3.95,92.8
2026-06-11T10:08:39.512881Z,-21.980787,-20.00013,SYN006,Cable Mapper,4.29,74.4
2026-06-03T07:00:14.328018Z,12.411953,-130.46361,SYN002,Abyss Surveyor,4.74,269.2
2026-06-03T16:47:28.719662Z,12.472916,-130.499971,SYN002,Abyss Surveyor,4.47,72.5
2026-06-11T06:08:54.006840Z,-22.000009,-19.990111,SYN006,Cable Mapper,5.35,90.7
2026-06-09T20:12:03.924971Z,35.464597,-62.032633,SYN005,Research Dawn,1.32,145.1
2026-06-15T13:20:23.744929Z,-13.478154,77.999129,SYN008,Mineral Quest,2.16,3.6
2026-06-09T14:23:26.188091Z,35.51567,-61.941933,SYN005,Research Dawn,1.34,349.1
2026-06-09T17:33:01.706100Z,35.528009,-62.024604,SYN005,Research Dawn,1.23,220.8
2026-06-15T20:12:52.087200Z,-13.446027,78.121798,SYN008,Mineral Quest,4.1,311.6
2026-06-13T08:50:02.186259Z,8.163749,145.417587,SYN007,Bulk Horizon,10.12,68.3
2026-06-07T14:31:29.935157Z,11.160041,-126.643775,SYN004,Nodule Explorer,3.88,90.6
2026-06-09T13:40:29.917152Z,35.49396,-61.942342,SYN005,Research Dawn,1.73,22.1
2026-06-19T10:53:42.883728Z,-4.988859,160.274448,SYN010,Supply Runner,8.81,82.1
2026-06-01T00:05:58.702991Z,21.004694,-149.977073,SYN001,Pacific Trader,13.24,78.0
2026-06-15T20:46:49.148066Z,-13.444104,78.081989,SYN008,Mineral Quest,4.73,276.3
2026-06-15T10:28:39.067648Z,-13.498258,78.117124,SYN008,Mineral Quest,3.83,80.4
2026-06-03T12:08:38.420540Z,12.439513,-130.505552,SYN002,Abyss Surveyor,4.29,319.9
2026-06-16T00:14:01.542923Z,-13.434238,78.117771,SYN008,Mineral Quest,3.81,81.8
2026-06-03T13:33:33.996576Z,12.448621,-130.409142,SYN002,Abyss Surveyor,3.99,90.4
2026-06-15T15:32:25.958283Z,-13.472387,78.132692,SYN008,Mineral Quest,2.15,9.9
2026-06-05T02:34:23.488472Z,28.084256,-44.912008,SYN003,Atlantic Carrier,11.98,48.0
2026-06-19T09:59:51.744953Z,-4.994347,160.143735,SYN010,Supply Runner,8.48,87.4
2026-06-11T14:23:02.013011Z,-21.961186,-19.990352,SYN006,Cable Mapper,4.79,90.4
2026-06-01T03:54:08.692258Z,21.223747,-149.094481,SYN001,Pacific Trader,12.66,72.7
2026-06-07T06:23:45.081023Z,11.099626,-126.5924,SYN004,Nodule Explorer,3.58,91.6
2026-06-19T11:11:05.846735Z,-4.987504,160.313762,SYN010,Supply Runner,8.38,90.3
2026-06-07T12:30:51.905374Z,11.144147,-126.671113,SYN004,Nodule Explorer,3.79,269.6
2026-06-07T08:22:57.666571Z,11.115175,-126.690289,SYN004,Nodule Explorer,3.52,268.9
2026-06-19T10:43:05.017312Z,-4.990147,160.248297,SYN010,Supply Runner,8.82,87.7
2026-06-17T08:24:09.684222Z,4.47916,-109.992307,SYN009,Pelagic Wanderer,4.3,163.5
2026-06-15T20:38:55.386685Z,-13.44492,78.091811,SYN008,Mineral Quest,4.13,273.0
2026-06-13T08:26:37.406182Z,8.15708,145.352365,SYN007,Bulk Horizon,10.62,106.4
2026-06-19T12:21:35.522384Z,-4.987466,160.351968,SYN010,Supply Runner,9.48,264.2
2026-06-07T12:40:00.108372Z,11.144179,-126.680006,SYN004,Nodule Explorer,3.41,269.8
2026-06-03T03:05:15.597149Z,12.398807,-130.514286,SYN002,Abyss Surveyor,4.65,85.6
2026-06-07T15:37:25.186199Z,11.17416,-126.598881,SYN004,Nodule Explorer,3.43,286.0
2026-06-15T10:49:30.280585Z,-13.49636,78.138738,SYN008,Mineral Quest,3.99,42.1
2026-06-01T04:05:44.503684Z,21.234418,-149.048973,SYN001,Pacific Trader,13.86,73.5
2026-06-19T09:12:15.776341Z,-4.998951,160.02618,SYN010,Supply Runner,6.91,90.3
2026-06-03T07:30:48.499426Z,12.412024,-130.500081,SYN002,Abyss Surveyor,4.44,272.1
2026-06-09T08:54:10.496024Z,35.509171,-62.055648,SYN005,Research Dawn,1.67,181.9
2026-06-03T11:48:47.732205Z,12.436349,-130.48198,SYN002,Abyss Surveyor,4.33,267.4
2026-06-05T04:03:04.538488Z,28.221451,-44.629658,SYN003,Atlantic Carrier,10.94,73.6
2026-06-09T18:46:07.687837Z,35.498904,-62.04222,SYN005,Research Dawn,1.19,190.8
2026-06-05T03:15:02.216184Z,28.162313,-44.788885,SYN003,Atlantic Carrier,12.92,59.8
2026-06-10T00:39:30.466786Z,35.504109,-61.95451,SYN005,Research Dawn,1.53,336.9
2026-06-01T03:24:42.505321Z,21.189737,-149.205995,SYN001,Pacific Trader,13.23,73.8
2026-06-15T19:21:29.934824Z,-13.456739,78.083146,SYN008,Mineral Quest,3.88,96.9
2026-06-19T09:33:34.133848Z,-4.996855,160.078312,SYN010,Supply Runner,9.52,86.6
2026-06-07T17:35:54.046754Z,11.174446,-126.724375,SYN004,Nodule Explorer,3.7,270.5
2026-06-15T15:12:57.018589Z,-13.477388,78.11989,SYN008,Mineral Quest,3.82,97.0
2026-06-03T06:17:11.434242Z,12.412154,-130.40934,SYN002,Abyss Surveyor,4.57,269.8
2026-06-15T19:45:58.419287Z,-13.455988,78.110684,SYN008,Mineral Quest,3.69,89.6
2026-06-03T07:33:13.843371Z,12.412749,-130.503091,SYN002,Abyss Surveyor,4.58,283.0
2026-06-15T12:00:46.209544Z,-13.485185,78.071747,SYN008,Mineral Quest,4.46,275.1
2026-06-01T05:49:25.193454Z,21.333633,-148.640814,SYN001,Pacific Trader,13.4,74.3
2026-06-03T15:40:14.018629Z,12.460812,-130.436588,SYN002,Abyss Surveyor,4.3,270.7
2026-06-09T09:09:39.373512Z,35.5006,-62.054232,SYN005,Research Dawn,2.52,170.3
2026-06-07T07:25:03.412245Z,11.115509,-126.627912,SYN004,Nodule Explorer,3.19,270.3
2026-06-19T09:48:50.806881Z,-4.995293,160.117597,SYN010,Supply Runner,8.96,86.2
2026-06-07T03:26:43.999003Z,11.088189,-126.772753,SYN004,Nodule Explorer,4.09,82.1
2026-06-07T08:53:13.505771Z,11.125651,-126.714198,SYN004,Nodule Explorer,3.67,15.6
2026-06-07T10:11:22.789962Z,11.129595,-126.636328,SYN004,Nodule Explorer,3.07,91.1
2026-06-13T09:04:56.003778Z,8.177832,145.456285,SYN007,Bulk Horizon,10.95,67.9
2026-06-11T10:15:20.758179Z,-21.980747,-19.990266,SYN006,Cable Mapper,4.93,90.0
2026-06-11T10:00:39.512881Z,-21.987654,-20.004289,SYN006,Cable Mapper,4.45,317.2
2026-06-03T07:08:17.399847Z,12.411963,-130.47296,SYN002,Abyss Surveyor,4.03,270.8
2026-06-07T11:11:13.192137Z,11.142061,-126.588334,SYN004,Nodule Explorer,3.81,313.6
2026-06-01T06:30:00.363965Z,21.373738,-148.482562,SYN001,Pacific Trader,14.0,72.1
2026-06-17T17:50:00.171383Z,4.587911,-110.024379,SYN009,Pelagic Wanderer,3.03,337.0
2026-06-11T07:09:15.129416Z,-21.999682,-19.902701,SYN006,Cable Mapper,4.69,88.6
2026-06-01T05:02:50.698893Z,21.289525,-148.82221,SYN001,Pacific Trader,14.16,76.1
2026-06-13T11:32:28.168367Z,8.188897,145.832735,SYN007,Bulk Horizon,10.6,47.9
2026-06-03T18:31:15.630264Z,12.472707,-130.37319,SYN002,Abyss Surveyor,4.77,87.4
2026-06-01T03:07:14.301853Z,21.169335,-149.27247,SYN001,Pacific Trader,13.87,75.5
2026-06-05T05:53:58.706862Z,28.213567,-44.223788,SYN003,Atlantic Carrier,11.46,108.2
2026-06-03T01:12:10.893565Z,12.384726,-130.656377,SYN002,Abyss Surveyor,3.87,86.7
2026-06-11T05:42:14.340733Z,-22.00571,-20.029885,SYN006,Cable Mapper,4.62,77.0
2026-06-11T10:28:37.984293Z,-21.980575,-19.970825,SYN006,Cable Mapper,5.18,90.0
2026-06-15T15:56:32.275837Z,-13.467052,78.109803,SYN008,Mineral Quest,3.93,271.4
2026-06-03T11:25:37.335895Z,12.436585,-130.454453,SYN002,Abyss Surveyor,4.4,272.0
2026-06-03T17:46:18.592894Z,12.47267,-130.427337,SYN002,Abyss Surveyor,4.36,86.4
2026-06-07T07:06:50.681716Z,11.115801,-126.61021,SYN004,Nodule Explorer,3.36,270.9
2026-06-17T11:57:22.704719Z,4.487913,-109.975929,SYN009,Pelagic Wanderer,4.81,6.4
2026-06-17T10:21:36.313501Z,4.4413,-109.949056,SYN009,Pelagic Wanderer,2.07,28.5
2026-06-19T09:28:39.725313Z,-4.99729,160.065269,SYN010,Supply Runner,8.94,88.1
2026-06-03T06:02:52.394558Z,12.41191,-130.391116,SYN002,Abyss Surveyor,4.35,266.6
2026-06-01T00:17:40.653818Z,21.013857,-149.93119,SYN001,Pacific Trader,12.71,75.0
2026-06-13T09:14:52.758960Z,8.186915,145.481626,SYN007,Bulk Horizon,9.87,70.0
2026-06-11T14:49:18.495153Z,-21.960921,-19.951354,SYN006,Cable Mapper,4.5,90.0
2026-06-17T16:35:47.799051Z,4.538888,-110.039168,SYN009,Pelagic Wanderer,3.67,36.6
2026-06-01T01:52:29.429268Z,21.095795,-149.566764,SYN001,Pacific Trader,13.26,75.3
2026-06-09T11:38:10.293372Z,35.466615,-61.995601,SYN005,Research Dawn,1.95,92.3
2026-06-15T12:16:08.039789Z,-13.486104,78.054791,SYN008,Mineral Quest,3.99,267.7
2026-06-15T15:24:06.392847Z,-13.475638,78.130031,SYN008,Mineral Quest,2.68,31.5
2026-06-17T12:43:30.243755Z,4.529458,-109.970132,SYN009,Pelagic Wanderer,3.23,357.5
2026-06-15T18:39:48.129585Z,-13.456418,78.036204,SYN008,Mineral Quest,4.0,83.4
2026-06-03T19:37:51.068197Z,12.485075,-130.295036,SYN002,Abyss Surveyor,4.16,81.2
2026-06-13T08:55:15.562465Z,8.168291,145.430432,SYN007,Bulk Horizon,9.36,69.0
2026-06-17T22:04:34.265179Z,4.656983,-109.94988,SYN009,Pelagic Wanderer,1.83,171.6
2026-06-01T07:46:05.160180Z,21.444314,-148.187825,SYN001,Pacific Trader,14.3,76.1
2026-06-11T06:49:09.928473Z,-21.99974,-19.931929,SYN006,Cable Mapper,5.56,91.9
2026-06-03T06:38:39.795934Z,12.411818,-130.43643,SYN002,Abyss Surveyor,4.51,266.6
2026-06-11T09:10:30.696336Z,-21.990309,-19.931827,SYN006,Cable Mapper,4.98,272.5
2026-06-13T12:22:13.609217Z,8.233306,145.961401,SYN007,Bulk Horizon,10.24,86.9
2026-06-01T05:26:32.669383Z,21.312585,-148.731858,SYN001,Pacific Trader,11.95,72.0
2026-06-07T16:02:06.081314Z,11.174167,-126.625787,SYN004,Nodule Explorer,3.56,271.1
2026-06-15T15:41:28.181039Z,-13.467587,78.127625,SYN008,Mineral Quest,4.0,288.7
2026-06-01T04:34:32.727189Z,21.260991,-148.935397,SYN001,Pacific Trader,12.56,76.7
2026-06-07T11:04:43.376407Z,11.136402,-126.585051,SYN004,Nodule Explorer,3.85,10.9
2026-06-11T11:35:48.549178Z,-21.980407,-19.87358,SYN006,Cable Mapper,4.74,88.6
2026-06-05T03:26:37.840229Z,28.180506,-44.751142,SYN003,Atlantic Carrier,12.38,61.2
2026-06-03T14:49:16.805732Z,12.46088,-130.373156,SYN002,Abyss Surveyor,3.96,268.5
2026-06-01T03:01:26.718693Z,21.163517,-149.295318,SYN001,Pacific Trader,13.09,72.5
2026-06-15T17:43:16.752917Z,-13.465912,77.989229,SYN008,Mineral Quest,3.92,296.8
2026-06-15T11:53:08.899654Z,-13.486059,78.081601,SYN008,Mineral Quest,4.3,272.1
2026-06-13T11:37:56.794054Z,8.198287,145.843712,SYN007,Bulk Horizon,9.45,48.2
2026-06-03T10:47:57.406470Z,12.436532,-130.40955,SYN002,Abyss Surveyor,4.56,273.1
2026-06-11T09:03:42.859416Z,-21.990498,-19.922214,SYN006,Cable Mapper,4.93,268.9
2026-06-11T10:54:50.412766Z,-21.980609,-19.932033,SYN006,Cable Mapper,5.21,91.5
2026-06-13T07:56:12.606996Z,8.13706,145.281115,SYN007,Bulk Horizon,10.33,41.7
2026-06-05T06:57:51.235353Z,28.116895,-44.013367,SYN003,Atlantic Carrier,12.52,127.8
2026-06-17T10:35:41.654843Z,4.457014,-109.94621,SYN009,Pelagic Wanderer,4.18,4.5
2026-06-09T21:26:13.547356Z,35.450314,-61.995775,SYN005,Research Dawn,2.03,89.7
2026-06-11T07:40:24.592993Z,-21.999421,-19.854021,SYN006,Cable Mapper,5.02,89.1
2026-06-03T04:34:23.049154Z,12.399928,-130.409341,SYN002,Abyss Surveyor,3.79,90.0
2026-06-05T07:15:31.290117Z,28.08,-43.963324,SYN003,Atlantic Carrier,11.7,127.3
2026-06-05T06:46:00.559373Z,28.138736,-44.048989,SYN003,Atlantic Carrier,11.67,122.9
2026-06-17T08:09:13.674387Z,4.493732,-109.996508,SYN009,Pelagic Wanderer,2.83,154.8
2026-06-16T01:43:06.413514Z,-13.413006,78.215392,SYN008,Mineral Quest,4.04,78.5
2026-06-09T14:06:48.090728Z,35.50705,-61.940116,SYN005,Research Dawn,1.82,1.3
2026-06-11T17:45:56.421448Z,-21.935581,-19.690785,SYN006,Cable Mapper,5.32,77.2
2026-06-07T14:23:24.128207Z,11.160098,-126.652791,SYN004,Nodule Explorer,3.44,89.7
2026-06-07T16:27:18.098481Z,11.174257,-126.652674,SYN004,Nodule Explorer,4.03,269.2
2026-06-15T10:47:30.280585Z,-13.498012,78.137065,SYN008,Mineral Quest,3.57,63.5
2026-06-13T10:40:38.337913Z,8.179075,145.696784,SYN007,Bulk Horizon,8.45,100.1
2026-06-15T11:15:24.936763Z,-13.486348,78.124663,SYN008,Mineral Quest,4.08,275.1
2026-06-11T12:11:53.339263Z,-21.971678,-19.832102,SYN006,Cable Mapper,4.44,321.0
2026-06-01T06:12:46.660388Z,21.354542,-148.55006,SYN001,Pacific Trader,13.51,78.5
2026-06-01T07:40:35.325549Z,21.439466,-148.210546,SYN001,Pacific Trader,13.46,78.3
2026-06-15T18:57:22.725880Z,-13.457967,78.055137,SYN008,Mineral Quest,3.56,95.8
2026-06-09T20:36:07.826617Z,35.456209,-62.021332,SYN005,Research Dawn,1.01,125.2
2026-06-13T11:57:38.244070Z,8.227063,145.89129,SYN007,Bulk Horizon,10.74,87.6
2026-06-07T12:22:01.062021Z,11.143882,-126.662259,SYN004,Nodule Explorer,3.81,270.8
2026-06-09T22:52:11.795214Z,35.463112,-61.962184,SYN005,Research Dawn,1.74,41.2
2026-06-09T14:31:36.382400Z,35.519851,-61.943405,SYN005,Research Dawn,1.76,345.7
2026-06-15T08:52:17.563961Z,-13.501676,78.008429,SYN008,Mineral Quest,4.31,101.2
2026-06-11T11:08:58.097891Z,-21.980491,-19.91255,SYN006,Cable Mapper,4.43,91.7
2026-06-15T20:06:11.117498Z,-13.450126,78.125542,SYN008,Mineral Quest,4.52,19.9
2026-06-07T09:52:53.860985Z,11.12951,-126.654379,SYN004,Nodule Explorer,3.39,89.4
2026-06-03T09:23:19.856247Z,12.423857,-130.382277,SYN002,Abyss Surveyor,4.03,88.0
2026-06-01T06:41:38.388236Z,21.386657,-148.438018,SYN001,Pacific Trader,14.22,75.0
2026-06-01T01:34:24.056082Z,21.080615,-149.635195,SYN001,Pacific Trader,13.8,73.6
2026-06-07T03:00:00.000000Z,11.0833,-126.801923,SYN004,Nodule Explorer,3.5,
2026-06-03T15:18:15.914763Z,12.460732,-130.409266,SYN002,Abyss Surveyor,4.56,270.5
2026-06-03T17:31:35.670311Z,12.472697,-130.4457,SYN002,Abyss Surveyor,4.0,91.0
2026-06-07T11:49:23.343084Z,11.143435,-126.627042,SYN004,Nodule Explorer,3.7,270.8
2026-06-11T06:22:16.925222Z,-21.999745,-19.97077,SYN006,Cable Mapper,4.36,90.3
2026-06-19T13:41:51.536698Z,-4.999664,160.153769,SYN010,Supply Runner,8.46,265.8
2026-06-11T09:50:35.920026Z,-21.990188,-19.990428,SYN006,Cable Mapper,5.15,267.6
2026-06-09T04:41:33.725414Z,35.51791,-61.963174,SYN005,Research Dawn,1.15,344.6
2026-06-15T15:21:18.994402Z,-13.477462,78.128796,SYN008,Mineral Quest,3.55,92.1
2026-06-01T05:43:30.562059Z,21.328378,-148.66376,SYN001,Pacific Trader,13.79,78.0
2026-06-11T07:59:16.946834Z,-21.995009,-19.829973,SYN006,Cable Mapper,4.18,19.1
2026-06-13T10:34:18.312084Z,8.181543,145.681988,SYN007,Bulk Horizon,10.1,68.2
2026-06-07T19:12:01.295006Z,11.199254,-126.639665,SYN004,Nodule Explorer,3.27,77.6
2026-06-05T06:22:26.291200Z,28.177611,-44.123448,SYN003,Atlantic Carrier,12.52,114.8
2026-06-15T19:54:59.095042Z,-13.454551,78.119909,SYN008,Mineral Quest,3.61,83.5
2026-06-11T11:22:32.879496Z,-21.980454,-19.893081,SYN006,Cable Mapper,4.69,89.8
2026-06-15T14:56:06.422648Z,-13.476479,78.101067,SYN008,Mineral Quest,3.76,74.1
2026-06-07T08:30:34.105041Z,11.115119,-126.698863,SYN004,Nodule Explorer,4.09,270.4
2026-06-13T08:12:18.402972Z,8.167689,145.31218,SYN007,Bulk Horizon,10.06,46.2
2026-06-09T23:21:48.414308Z,35.470011,-61.956064,SYN005,Research Dawn,1.68,33.6
2026-06-19T11:38:21.200319Z,-4.984881,160.379214,SYN010,Supply Runner,7.86,92.2
2026-06-17T12:34:41.311179Z,4.521775,-109.96979,SYN009,Pelagic Wanderer,3.73,17.0
2026-06-09T23:12:11.795214Z,35.466426,-61.958947,SYN005,Research Dawn,0.89,36.7
2026-06-19T10:32:08.636370Z,-4.991102,160.222277,SYN010,Supply Runner,8.59,91.7
2026-06-05T03:38:41.545983Z,28.195786,-44.711096,SYN003,Atlantic Carrier,12.14,66.1
2026-06-11T07:02:19.144129Z,-21.999695,-19.912364,SYN006,Cable Mapper,4.86,89.8
2026-06-01T07:05:22.873104Z,21.410564,-148.347869,SYN001,Pacific Trader,12.79,79.6
2026-06-03T02:54:16.842350Z,12.397353,-130.528322,SYN002,Abyss Surveyor,4.54,86.8
2026-06-19T10:48:26.581635Z,-4.989597,160.261217,SYN010,Supply Runner,8.63,87.2
2026-06-17T22:19:22.633421Z,4.648528,-109.94724,SYN009,Pelagic Wanderer,2.15,162.4
2026-06-09T12:38:22.044307Z,35.472387,-61.96382,SYN005,Research Dawn,1.97,62.0
2026-06-07T03:13:41.893331Z,11.085946,-126.787366,SYN004,Nodule Explorer,3.95,80.4
2026-06-19T11:32:18.616846Z,-4.985216,160.365947,SYN010,Supply Runner,9.17,86.0
2026-06-13T08:31:27.041746Z,8.153714,145.365752,SYN007,Bulk Horizon,10.1,103.9
2026-06-17T18:39:24.581629Z,4.615538,-110.03911,SYN009,Pelagic Wanderer,2.51,85.6
2026-06-09T17:12:32.077453Z,35.532617,-62.019149,SYN005,Research Dawn,1.92,230.1
2026-06-03T05:28:34.730741Z,12.408988,-130.349412,SYN002,Abyss Surveyor,4.32,348.8
2026-06-17T08:57:38.839874Z,4.453759,-109.980427,SYN009,Pelagic Wanderer,3.84,153.4
2026-06-09T11:44:04.863007Z,35.466718,-61.991972,SYN005,Research Dawn,1.79,87.2
2026-06-03T18:09:28.369612Z,12.472722,-130.400278,SYN002,Abyss Surveyor,4.02,91.5
2026-06-15T12:55:53.082448Z,-13.486469,78.010601,SYN008,Mineral Quest,3.8,257.9
2026-06-17T17:33:17.953106Z,4.574215,-110.02391,SYN009,Pelagic Wanderer,4.75,39.2
2026-06-05T04:37:11.567018Z,28.242037,-44.501597,SYN003,Atlantic Carrier,10.95,83.9
2026-06-11T09:17:10.656262Z,-21.990449,-19.941775,SYN006,Cable Mapper,4.81,262.2
2026-06-13T07:36:08.984736Z,8.095896,145.239591,SYN007,Bulk Horizon,10.49,47.0
2026-06-19T13:31:02.191226Z,-4.997795,160.180254,SYN010,Supply Runner,8.47,266.8
2026-06-15T13:33:18.093365Z,-13.478375,78.009953,SYN008,Mineral Quest,3.64,96.9
2026-06-03T09:07:38.991935Z,12.423758,-130.400402,SYN002,Abyss Surveyor,4.17,91.2
2026-06-15T11:02:59.914316Z,-13.486916,78.137323,SYN008,Mineral Quest,4.23,327.8
2026-06-11T15:35:40.632917Z,-21.960822,-19.883233,SYN006,Cable Mapper,5.03,94.0
2026-06-09T09:55:08.772781Z,35.481382,-62.040248,SYN005,Research Dawn,1.25,136.7
2026-06-03T13:48:10.766828Z,12.448743,-130.391179,SYN002,Abyss Surveyor,3.97,88.8
2026-06-11T07:46:56.473729Z,-21.99946,-19.844401,SYN006,Cable Mapper,4.75,89.9
2026-06-17T11:51:31.597061Z,4.479933,-109.976365,SYN009,Pelagic Wanderer,3.71,224.6
2026-06-03T08:15:12.874218Z,12.42375,-130.463662,SYN002,Abyss Surveyor,4.31,92.4
2026-06-11T07:53:16.946834Z,-21.999284,-19.834548,SYN006,Cable Mapper,5.42,87.9
2026-06-07T05:05:31.806127Z,11.09956,-126.673214,SYN004,Nodule Explorer,3.35,91.3
2026-06-13T11:27:25.650818Z,8.179565,145.821353,SYN007,Bulk Horizon,11.27,50.3
2026-06-07T12:56:14.370792Z,11.144632,-126.697739,SYN004,Nodule Explorer,3.99,270.1
2026-06-03T02:19:53.875031Z,12.393097,-130.57097,SYN002,Abyss Surveyor,3.85,86.0
2026-06-09T23:27:32.275335Z,35.473766,-61.953978,SYN005,Research Dawn,2.51,28.1
2026-06-01T01:28:37.092118Z,21.075069,-149.657913,SYN001,Pacific Trader,13.61,74.0
2026-06-01T00:53:16.574699Z,21.042507,-149.794039,SYN001,Pacific Trader,14.05,75.5
2026-06-09T16:25:01.043473Z,35.541052,-61.999891,SYN005,Research Dawn,1.49,251.7
2026-06-05T02:05:31.645696Z,28.014676,-44.986025,SYN003,Atlantic Carrier,12.61,39.4
2026-06-19T13:14:38.793765Z,-4.995487,160.21969,SYN010,Supply Runner,9.17,270.2
2026-06-01T07:11:14.304106Z,21.415492,-148.324992,SYN001,Pacific Trader,13.44,76.3
2026-06-09T07:58:26.727055Z,35.529634,-62.048497,SYN005,Research Dawn,1.96,211.8
2026-06-13T06:14:10.740426Z,8.024559,145.035204,SYN007,Bulk Horizon,9.79,53.2
2026-06-09T18:07:42.776186Z,35.515707,-62.035165,SYN005,Research Dawn,1.3,209.1
2026-06-07T14:48:55.382347Z,11.159593,-126.625732,SYN004,Nodule Explorer,3.62,92.1
2026-06-19T14:44:03.172995Z,-5.008332,160.008167,SYN010,Supply Runner,8.26,267.9
2026-06-01T06:18:58.869605Z,21.36094,-148.52744,SYN001,Pacific Trader,12.85,74.3
2026-06-03T11:02:51.732688Z,12.436552,-130.427471,SYN002,Abyss Surveyor,4.0,271.5
2026-06-07T07:42:06.586418Z,11.115227,-126.645889,SYN004,Nodule Explorer,3.61,269.1
2026-06-17T09:28:54.983812Z,4.432636,-109.973387,SYN009,Pelagic Wanderer,3.56,158.7
2026-06-03T03:40:08.845861Z,12.400059,-130.472938,SYN002,Abyss Surveyor,4.19,95.8
2026-06-07T16:18:41.467103Z,11.174297,-126.643552,SYN004,Nodule Explorer,3.98,268.9
2026-06-15T15:28:18.765714Z,-13.474999,78.132327,SYN008,Mineral Quest,2.13,71.8
2026-06-03T16:36:57.514190Z,12.463806,-130.505271,SYN002,Abyss Surveyor,4.08,312.5
2026-06-17T14:04:46.043690Z,4.524372,-109.996368,SYN009,Pelagic Wanderer,4.1,255.9
2026-06-01T07:22:52.836671Z,21.425213,-148.279231,SYN001,Pacific Trader,14.02,76.9
2026-06-09T09:03:10.280190Z,35.504815,-62.055004,SYN005,Research Dawn,1.75,172.0
2026-06-19T10:10:22.933877Z,-4.993286,160.16971,SYN010,Supply Runner,9.19,89.0
2026-06-17T12:19:39.124166Z,4.509124,-109.973346,SYN009,Pelagic Wanderer,4.2,358.8
2026-06-03T13:40:20.447584Z,12.448735,-130.400459,SYN002,Abyss Surveyor,4.45,88.6
2026-06-11T07:55:16.946834Z,-21.998686,-19.832116,SYN006,Cable Mapper,4.22,75.5
2026-06-01T06:53:27.323794Z,21.399424,-148.393214,SYN001,Pacific Trader,13.82,69.3
2026-06-07T09:00:46.788422Z,11.129299,-126.707785,SYN004,Nodule Explorer,3.65,73.4
2026-06-07T14:57:22.985172Z,11.159387,-126.616956,SYN004,Nodule Explorer,3.71,94.2
2026-06-07T15:53:40.756355Z,11.174033,-126.616829,SYN004,Nodule Explorer,4.2,269.1
2026-06-07T07:33:21.810567Z,11.115305,-126.636867,SYN004,Nodule Explorer,3.67,269.4
2026-06-11T15:02:51.156191Z,-21.960963,-19.931859,SYN006,Cable Mapper,5.15,90.3
2026-06-11T17:08:04.013145Z,-21.945634,-19.748428,SYN006,Cable Mapper,5.37,80.2
2026-06-07T14:14:21.287301Z,11.160201,-126.66168,SYN004,Nodule Explorer,4.1,89.6
2026-06-07T11:23:24.584717Z,11.143278,-126.600433,SYN004,Nodule Explorer,3.4,274.0
2026-06-03T20:14:40.689020Z,12.494455,-130.250398,SYN002,Abyss Surveyor,4.24,82.1
2026-06-03T14:56:10.174353Z,12.46095,-130.38215,SYN002,Abyss Surveyor,4.36,270.6
2026-06-07T16:45:36.042145Z,11.17442,-126.670507,SYN004,Nodule Explorer,3.34,271.2
2026-06-19T09:54:23.669163Z,-4.994775,160.130708,SYN010,Supply Runner,8.62,89.3
2026-06-03T09:31:00.126835Z,12.423722,-130.372945,SYN002,Abyss Surveyor,4.19,91.3
2026-06-09T16:53:16.119977Z,35.536715,-62.012467,SYN005,Research Dawn,1.32,238.0
2026-06-13T11:47:55.661585Z,8.216484,145.865742,SYN007,Bulk Horizon,9.98,47.0
2026-06-17T21:44:04.294982Z,4.670495,-109.951589,SYN009,Pelagic Wanderer,2.36,173.1
2026-06-15T17:03:01.882465Z,-13.466945,78.035578,SYN008,Mineral Quest,4.33,272.9
2026-06-03T16:08:16.950081Z,12.460515,-130.472881,SYN002,Abyss Surveyor,4.6,269.0
2026-06-11T08:03:16.946834Z,-21.991138,-19.832319,SYN006,Cable Mapper,4.11,318.4
2026-06-07T11:14:14.695314Z,11.143042,-126.59176,SYN004,Nodule Explorer,4.39,288.1
2026-06-05T04:19:23.972962Z,28.234473,-44.56625,SYN003,Atlantic Carrier,11.71,76.4
2026-06-09T15:13:03.664232Z,35.536591,-61.960877,SYN005,Research Dawn,2.29,306.1
2026-06-11T15:49:09.727093Z,-21.960761,-19.863888,SYN006,Cable Mapper,4.86,90.9
2026-06-01T00:41:20.126035Z,21.032459,-149.839835,SYN001,Pacific Trader,14.03,82.0
2026-06-03T14:25:07.135261Z,12.454676,-130.348725,SYN002,Abyss Surveyor,4.53,10.0
2026-06-15T22:55:14.855050Z,-13.434957,78.027009,SYN008,Mineral Quest,3.81,85.4
2026-06-07T10:20:52.155144Z,11.12995,-126.627441,SYN004,Nodule Explorer,3.2,86.9
2026-06-09T06:14:24.804383Z,35.546922,-62.002105,SYN005,Research Dawn,1.17,281.6
2026-06-03T10:24:57.217366Z,12.436577,-130.382099,SYN002,Abyss Surveyor,4.14,272.4
2026-06-09T12:31:30.506153Z,35.470713,-61.967649,SYN005,Research Dawn,1.1,72.4
2026-06-09T21:04:23.509573Z,35.451373,-62.006459,SYN005,Research Dawn,1.5,104.4
2026-06-07T09:27:50.826513Z,11.129431,-126.680991,SYN004,Nodule Explorer,3.23,85.9
2026-06-17T09:53:01.497665Z,4.42198,-109.95336,SYN009,Pelagic Wanderer,3.88,100.3
2026-06-07T05:32:32.342209Z,11.099862,-126.646054,SYN004,Nodule Explorer,3.54,89.8
2026-06-09T06:43:16.032906Z,35.546795,-62.018015,SYN005,Research Dawn,1.27,262.6
2026-06-03T10:10:24.777938Z,12.436433,-130.364053,SYN002,Abyss Surveyor,4.13,272.2
2026-06-03T17:23:52.419823Z,12.47285,-130.45468,SYN002,Abyss Surveyor,4.43,89.8
2026-06-11T09:56:39.512881Z,-21.990059,-19.999871,SYN006,Cable Mapper,4.97,272.5
2026-06-09T18:32:41.953318Z,35.504931,-62.040291,SYN005,Research Dawn,2.2,198.0
2026-06-09T05:34:30.289286Z,35.538476,-61.979581,SYN005,Research Dawn,1.75,315.3
2026-06-03T20:02:28.310579Z,12.49143,-130.265207,SYN002,Abyss Surveyor,4.38,77.1
2026-06-13T06:35:49.927097Z,8.056825,145.08215,SYN007,Bulk Horizon,11.02,56.9
2026-06-15T13:04:56.629612Z,-13.485206,78.001042,SYN008,Mineral Quest,4.06,276.3
2026-06-01T02:38:19.631660Z,21.139107,-149.385379,SYN001,Pacific Trader,14.87,75.6
2026-06-09T19:11:40.606692Z,35.489103,-62.043241,SYN005,Research Dawn,1.43,179.2
2026-06-17T15:14:19.757603Z,4.534626,-110.035684,SYN009,Pelagic Wanderer,1.96,258.4
2026-06-13T10:13:27.757517Z,8.157265,145.62908,SYN007,Bulk Horizon,10.58,67.7
2026-06-07T05:49:00.774422Z,11.099482,-126.628292,SYN004,Nodule Explorer,3.77,91.9
2026-06-17T17:38:40.208975Z,4.57904,-110.020728,SYN009,Pelagic Wanderer,3.99,32.5
2026-06-03T09:15:19.670119Z,12.423705,-130.391362,SYN002,Abyss Surveyor,4.18,91.6
2026-06-17T14:19:45.004888Z,4.533451,-110.008625,SYN009,Pelagic Wanderer,3.93,290.9
2026-06-07T18:57:12.742513Z,11.195475,-126.653626,SYN004,Nodule Explorer,3.94,70.6
2026-06-03T15:32:36.861647Z,12.460865,-130.427589,SYN002,Abyss Surveyor,4.48,271.7
2026-06-10T02:36:54.712791Z,35.537462,-62.01079,SYN005,Research Dawn,2.27,273.1
2026-06-07T10:01:42.578505Z,11.129722,-126.645322,SYN004,Nodule Explorer,3.8,90.8
2026-06-07T17:01:36.705417Z,11.174426,-126.688414,SYN004,Nodule Explorer,3.94,270.4
2026-06-13T06:51:01.583720Z,8.065108,145.122466,SYN007,Bulk Horizon,9.29,91.0
2026-06-03T12:40:50.414495Z,12.448577,-130.472677,SYN002,Abyss Surveyor,4.66,91.6
2026-06-09T08:06:26.290394Z,35.525872,-62.051168,SYN005,Research Dawn,1.83,211.9
2026-06-15T17:49:58.387174Z,-13.459988,77.985814,SYN008,Mineral Quest,4.25,356.4
2026-06-09T09:43:10.682593Z,35.483932,-62.043346,SYN005,Research Dawn,2.07,139.5
2026-06-19T12:10:49.105197Z,-4.985774,160.378334,SYN010,Supply Runner,8.05,268.1
2026-06-10T02:00:41.463160Z,35.53215,-61.987686,SYN005,Research Dawn,2.3,302.1
2026-06-07T17:58:51.702299Z,11.178473,-126.710397,SYN004,Nodule Explorer,2.4,75.8
2026-06-10T03:23:25.155349Z,35.532551,-62.038062,SYN005,Research Dawn,1.8,242.7
2026-06-13T06:04:30.215749Z,8.008314,145.011846,SYN007,Bulk Horizon,11.53,54.1
2026-06-03T15:04:03.109175Z,12.460861,-130.391286,SYN002,Abyss Surveyor,4.18,272.3
2026-06-01T01:46:33.871262Z,21.090665,-149.589617,SYN001,Pacific Trader,12.86,78.5
2026-06-07T15:21:24.438458Z,11.162611,-126.592479,SYN004,Nodule Explorer,3.83,52.3
2026-06-03T15:11:12.043659Z,12.461,-130.400174,SYN002,Abyss Surveyor,4.5,269.1
2026-06-09T19:18:12.761255Z,35.485426,-62.043018,SYN005,Research Dawn,2.01,174.6
2026-06-09T14:12:39.582440Z,35.511299,-61.94082,SYN005,Research Dawn,2.68,353.0
2026-06-09T12:04:44.953105Z,35.467701,-61.980175,SYN005,Research Dawn,1.93,76.5
2026-06-03T08:07:41.681028Z,12.423933,-130.472731,SYN002,Abyss Surveyor,4.65,90.9
2026-06-11T09:58:39.512881Z,-21.989511,-20.002523,SYN006,Cable Mapper,4.25,285.2
2026-06-16T00:06:13.775468Z,-13.435642,78.109023,SYN008,Mineral Quest,3.96,99.4
2026-06-13T11:22:52.354451Z,8.170427,145.810273,SYN007,Bulk Horizon,9.85,50.7
2026-06-15T11:45:03.973361Z,-13.486122,78.090891,SYN008,Mineral Quest,3.9,278.8
2026-06-03T05:26:02.950362Z,12.405987,-130.348816,SYN002,Abyss Surveyor,4.1,7.1
2026-06-15T10:36:19.280432Z,-13.498505,78.125535,SYN008,Mineral Quest,3.9,93.6
2026-06-10T00:24:50.486042Z,35.497034,-61.951769,SYN005,Research Dawn,1.17,346.5
2026-06-15T12:48:26.144954Z,-13.485074,78.018668,SYN008,Mineral Quest,3.58,270.6
2026-06-11T07:33:55.371206Z,-21.999603,-19.863671,SYN006,Cable Mapper,5.69,89.0
2026-06-01T03:13:14.958671Z,21.176278,-149.250531,SYN001,Pacific Trader,13.0,70.6
2026-06-11T13:31:52.378388Z,-21.971501,-19.951289,SYN006,Cable Mapper,5.14,269.3
2026-06-15T21:09:37.127274Z,-13.444993,78.056006,SYN008,Mineral Quest,4.0,260.6
2026-06-01T04:28:16.019888Z,21.25553,-148.958346,SYN001,Pacific Trader,13.69,78.9
2026-06-03T14:02:39.537514Z,12.448584,-130.372905,SYN002,Abyss Surveyor,4.65,91.2
2026-06-03T17:09:30.336190Z,12.472795,-130.472843,SYN002,Abyss Surveyor,4.3,91.6
2026-06-17T13:45:33.779294Z,4.526218,-109.977753,SYN009,Pelagic Wanderer,2.39,214.2
2026-06-05T04:30:48.945956Z,28.239434,-44.523434,SYN003,Atlantic Carrier,12.61,79.3
2026-06-13T10:18:57.109734Z,8.163381,145.642334,SYN007,Bulk Horizon,9.67,65.2
2026-06-03T17:02:03.708724Z,12.472878,-130.481864,SYN002,Abyss Surveyor,4.76,87.0
2026-06-07T13:21:53.859532Z,11.156817,-126.713651,SYN004,Nodule Explorer,3.0,16.5
2026-06-07T06:06:56.194510Z,11.099343,-126.610356,SYN004,Nodule Explorer,3.55,90.5
2026-06-05T05:06:17.436880Z,28.242349,-44.393521,SYN003,Atlantic Carrier,11.28,91.3
2026-06-03T05:03:44.650986Z,12.399744,-130.373055,SYN002,Abyss Surveyor,4.64,88.5
2026-06-11T10:35:38.584215Z,-21.980529,-19.961099,SYN006,Cable Mapper,4.57,88.2
2026-06-03T05:55:38.920309Z,12.412156,-130.382149,SYN002,Abyss Surveyor,4.32,267.5
2026-06-17T20:50:35.660718Z,4.674518,-109.967727,SYN009,Pelagic Wanderer,1.47,53.9
2026-06-09T18:20:33.848303Z,35.510226,-62.037757,SYN005,Research Dawn,1.41,196.6
2026-06-03T12:19:07.368945Z,12.448627,-130.500005,SYN002,Abyss Surveyor,4.55,79.6
2026-06-15T17:41:16.752917Z,-13.466896,77.991141,SYN008,Mineral Quest,4.0,276.8
2026-06-17T13:29:15.956867Z,4.535192,-109.97161,SYN009,Pelagic Wanderer,3.07,211.6
2026-06-15T23:42:42.869171Z,-13.4353,78.08249,SYN008,Mineral Quest,3.93,93.7
2026-06-09T18:28:07.923123Z,35.507645,-62.039363,SYN005,Research Dawn,1.42,206.7
2026-06-15T13:16:15.040189Z,-13.480483,77.999044,SYN008,Mineral Quest,2.46,52.4
2026-06-19T14:04:03.348699Z,-5.002909,160.100912,SYN010,Supply Runner,8.57,264.2
2026-06-11T08:11:56.844182Z,-21.990576,-19.844413,SYN006,Cable Mapper,5.05,269.8
2026-06-03T13:10:40.600834Z,12.448551,-130.436609,SYN002,Abyss Surveyor,3.94,91.6
2026-06-10T01:27:46.860618Z,35.521781,-61.969955,SYN005,Research Dawn,1.34,315.2
2026-06-03T05:23:19.876686Z,12.402772,-130.349257,SYN002,Abyss Surveyor,4.54,44.3
2026-06-09T10:33:47.140709Z,35.472211,-62.023895,SYN005,Research Dawn,0.91,114.0
2026-06-11T14:14:12.117564Z,-21.961708,-20.002745,SYN006,Cable Mapper,4.7,44.4
2026-06-11T16:29:07.220640Z,-21.955569,-19.805831,SYN006,Cable Mapper,5.14,77.4
2026-06-11T12:40:29.371075Z,-21.971464,-19.873543,SYN006,Cable Mapper,4.4,267.3
2026-06-17T08:18:39.749160Z,4.485529,-109.993947,SYN009,Pelagic Wanderer,3.2,163.1
2026-06-15T16:30:06.544564Z,-13.467381,78.073527,SYN008,Mineral Quest,3.99,273.6
2026-06-15T17:16:34.239472Z,-13.466723,78.01923,SYN008,Mineral Quest,4.23,276.0
2026-06-03T09:38:09.268080Z,12.423839,-130.364196,SYN002,Abyss Surveyor,4.43,88.4
2026-06-09T09:36:40.839488Z,35.486698,-62.046236,SYN005,Research Dawn,1.23,147.0
2026-06-09T09:25:17.169516Z,35.489845,-62.048894,SYN005,Research Dawn,2.7,150.4
2026-06-07T11:40:48.947748Z,11.143117,-126.61824,SYN004,Nodule Explorer,3.64,270.3
2026-06-11T09:30:41.371669Z,-21.99004,-19.961052,SYN006,Cable Mapper,4.85,268.6
2026-06-11T14:08:12.117564Z,-21.968771,-20.00468,SYN006,Cable Mapper,4.67,312.8
2026-06-15T14:48:43.418305Z,-13.478256,78.093136,SYN008,Mineral Quest,3.44,90.7
2026-06-09T06:02:12.731474Z,35.545941,-61.997034,SYN005,Research Dawn,2.42,290.9
2026-06-17T20:10:01.850339Z,4.653459,-109.985724,SYN009,Pelagic Wanderer,2.51,23.7
2026-06-09T04:47:17.556415Z,35.520713,-61.96426,SYN005,Research Dawn,1.84,343.1
2026-06-15T23:57:43.423250Z,-13.434231,78.099354,SYN008,Mineral Quest,4.15,87.3
2026-06-15T12:32:11.031097Z,-13.485469,78.036452,SYN008,Mineral Quest,4.02,276.4
2026-06-03T12:05:58.803310Z,12.437156,-130.503409,SYN002,Abyss Surveyor,4.39,283.8
2026-06-09T08:15:09.516126Z,35.521791,-62.053363,SYN005,Research Dawn,1.9,203.5
2026-06-09T15:21:33.916163Z,35.539073,-61.965411,SYN005,Research Dawn,1.88,303.6
2026-06-13T09:00:26.805791Z,8.172816,145.443356,SYN007,Bulk Horizon,9.49,68.8
2026-06-09T22:13:52.461746Z,35.454591,-61.974725,SYN005,Research Dawn,1.29,64.3
2026-06-15T09:42:00.912215Z,-13.499524,78.062775,SYN008,Mineral Quest,4.09,89.6
2026-06-09T18:13:16.853703Z,35.512949,-62.036642,SYN005,Research Dawn,1.87,206.0
2026-06-16T01:57:04.763357Z,-13.409332,78.230283,SYN008,Mineral Quest,3.85,76.2
2026-06-13T09:38:44.114477Z,8.153186,145.540804,SYN007,Bulk Horizon,10.15,120.3
2026-06-15T21:34:00.682760Z,-13.443466,78.026534,SYN008,Mineral Quest,3.94,268.8
2026-06-01T06:00:47.072154Z,21.343908,-148.595511,SYN001,Pacific Trader,13.52,72.9
2026-06-07T15:46:17.189542Z,11.174107,-126.607785,SYN004,Nodule Explorer,3.69,268.1
2026-06-09T15:42:33.170252Z,35.542707,-61.980193,SYN005,Research Dawn,1.73,283.4
2026-06-17T20:36:21.633264Z,4.671,-109.972822,SYN009,Pelagic Wanderer,3.74,24.2
2026-06-03T01:56:40.234468Z,12.390141,-130.599411,SYN002,Abyss Surveyor,4.39,83.9
2026-06-03T19:24:44.379369Z,12.481927,-130.310275,SYN002,Abyss Surveyor,4.17,78.9
2026-06-19T12:58:12.540589Z,-4.992946,160.259621,SYN010,Supply Runner,8.6,265.5
2026-06-01T02:44:14.200274Z,21.145175,-149.362796,SYN001,Pacific Trader,13.19,74.8
2026-06-17T14:38:12.030255Z,4.545604,-110.016372,SYN009,Pelagic Wanderer,4.01,336.3
2026-06-03T12:10:55.284153Z,12.442345,-130.50603,SYN002,Abyss Surveyor,4.48,349.6
2026-06-15T11:22:06.617283Z,-13.485908,78.11627,SYN008,Mineral Quest,4.56,272.5
2026-06-13T06:40:24.860594Z,8.065033,145.093873,SYN007,Bulk Horizon,11.34,55.2
2026-06-01T02:15:28.090590Z,21.115745,-149.475568,SYN001,Pacific Trader,12.58,78.1
2026-06-05T02:46:19.030941Z,28.108867,-44.878582,SYN003,Atlantic Carrier,11.97,52.6
2026-06-03T09:54:09.993605Z,12.43006,-130.34829,SYN002,Abyss Surveyor,4.13,18.7
2026-06-03T14:33:15.659368Z,12.460851,-130.354875,SYN002,Abyss Surveyor,4.3,282.1
2026-06-05T05:17:58.698563Z,28.23864,-44.350459,SYN003,Atlantic Carrier,11.99,99.2
2026-06-17T12:03:31.618787Z,4.493639,-109.974485,SYN009,Pelagic Wanderer,3.3,11.0
2026-06-15T20:15:53.312356Z,-13.445535,78.118898,SYN008,Mineral Quest,3.56,283.7
2026-06-19T12:31:35.218685Z,-4.988996,160.325574,SYN010,Supply Runner,9.37,269.8
2026-06-19T10:37:43.066327Z,-4.990754,160.23523,SYN010,Supply Runner,8.23,87.5
2026-06-09T06:22:42.921963Z,35.547163,-62.00731,SYN005,Research Dawn,1.9,275.1
2026-06-03T05:17:56.551518Z,12.399712,-130.354813,SYN002,Abyss Surveyor,4.57,89.1
2026-06-11T05:00:00.000000Z,-22.01665,-20.089922,SYN006,Cable Mapper,5.24,
2026-06-07T05:16:00.564421Z,11.099792,-126.664104,SYN004,Nodule Explorer,3.03,90.5
2026-06-11T08:01:16.946834Z,-21.992847,-19.830714,SYN006,Cable Mapper,4.06,341.1
2026-06-17T08:52:49.649031Z,4.458398,-109.982769,SYN009,Pelagic Wanderer,3.6,150.1
2026-06-15T16:37:42.517712Z,-13.467033,78.06441,SYN008,Mineral Quest,4.23,274.4
2026-06-01T00:29:54.356975Z,21.02319,-149.8854,SYN001,Pacific Trader,12.65,77.5
2026-06-01T02:49:49.228907Z,21.151349,-149.340425,SYN001,Pacific Trader,14.04,72.3
2026-06-15T22:38:11.262602Z,-13.435074,78.009158,SYN008,Mineral Quest,4.28,94.8
2026-06-13T09:09:55.287521Z,8.182257,145.468874,SYN007,Bulk Horizon,9.41,68.7
2026-06-07T09:09:39.406203Z,11.129384,-126.699018,SYN004,Nodule Explorer,3.66,89.1
2026-06-03T17:16:37.097084Z,12.47255,-130.463723,SYN002,Abyss Surveyor,4.71,93.7
2026-06-11T06:55:39.059621Z,-21.999619,-19.922313,SYN006,Cable Mapper,4.79,93.9
2026-06-03T08:22:37.856228Z,12.423703,-130.454828,SYN002,Abyss Surveyor,4.13,90.0
2026-06-19T10:05:09.307623Z,-4.993849,160.156692,SYN010,Supply Runner,8.81,85.8
2026-06-03T09:51:23.108304Z,12.42699,-130.349293,SYN002,Abyss Surveyor,4.0,44.3
2026-06-17T14:50:13.311477Z,4.549741,-110.022555,SYN009,Pelagic Wanderer,2.38,301.0
2026-06-19T13:20:27.982676Z,-4.9961,160.206731,SYN010,Supply Runner,7.97,267.1
2026-06-10T01:32:45.139177Z,35.523949,-61.972698,SYN005,Research Dawn,2.16,315.8
2026-06-07T11:57:37.664979Z,11.143566,-126.635984,SYN004,Nodule Explorer,3.82,270.1
2026-06-07T11:31:58.913088Z,11.143247,-126.609382,SYN004,Nodule Explorer,3.72,268.8
2026-06-07T13:08:41.693837Z,11.145617,-126.710704,SYN004,Nodule Explorer,3.68,286.6
2026-06-11T11:28:54.610035Z,-21.980466,-19.883381,SYN006,Cable Mapper,5.14,89.9
2026-06-10T02:43:25.589848Z,35.537505,-62.015044,SYN005,Research Dawn,1.86,270.7
2026-06-07T10:55:04.706663Z,11.130008,-126.591766,SYN004,Nodule Explorer,3.81,92.8
2026-06-13T06:08:56.620951Z,8.016384,145.023376,SYN007,Bulk Horizon,11.32,52.3
2026-06-03T13:17:58.758325Z,12.448564,-130.42742,SYN002,Abyss Surveyor,4.53,88.3
2026-06-03T09:45:27.869744Z,12.423773,-130.35484,SYN002,Abyss Surveyor,4.46,93.0
2026-06-03T04:18:06.822496Z,12.399919,-130.427455,SYN002,Abyss Surveyor,4.24,92.8
2026-06-09T20:00:44.279038Z,35.46797,-62.035702,SYN005,Research Dawn,1.54,150.5
2026-06-03T19:11:29.060142Z,12.479016,-130.325132,SYN002,Abyss Surveyor,4.06,76.9
2026-06-13T07:10:32.369788Z,8.064952,145.180026,SYN007,Bulk Horizon,9.71,91.9
2026-06-11T09:24:02.156325Z,-21.990219,-19.951327,SYN006,Cable Mapper,4.86,270.7
2026-06-09T04:26:37.023827Z,35.511603,-61.961359,SYN005,Research Dawn,1.63,353.8
2026-06-09T17:58:29.835600Z,35.518376,-62.033271,SYN005,Research Dawn,3.26,208.0
2026-06-09T18:55:36.996542Z,35.495581,-62.042798,SYN005,Research Dawn,0.98,186.5
2026-06-03T13:55:57.885067Z,12.448535,-130.381909,SYN002,Abyss Surveyor,4.28,93.8
2026-06-11T16:01:56.377966Z,-21.960867,-19.844316,SYN006,Cable Mapper,5.2,93.7
